SEX,AGE,CENSUS2010POP,ESTIMATESBASE2010,POPESTIMATE2010,POPESTIMATE2011,POPESTIMATE2012,POPESTIMATE2013,POPESTIMATE2014,POPESTIMATE2015,POPESTIMATE2016,POPESTIMATE2017,POPESTIMATE2018
0,0,3944153,3944160,3951430,3963092,3926570,3931258,3954786,3983965,3955192,3893945,3848208
0,1,3978070,3978090,3957730,3966225,3977550,3942696,3948892,3973192,4003594,3973803,3912900
0,2,4096929,4096939,4090621,3970654,3978924,3991745,3958708,3966330,3991543,4020825,3991437
0,3,4119040,4119051,4111688,4101644,3981532,3991019,4005932,3974354,3982719,4006802,4036562
0,4,4063170,4063186,4077346,4121488,4111490,3992496,4004035,4020264,3989317,3996592,4021168
0,5,4056858,4056872,4064521,4087054,4131049,4121876,4004571,4017585,4034325,4002285,4010118
0,6,4066381,4066412,4072904,4074533,4096633,4141130,4133374,4017408,4030894,4046625,4015259
0,7,4030579,4030594,4042990,4082824,4084179,4106760,4152671,4145890,4030394,4042957,4059363
0,8,4046486,4046497,4025502,4052777,4092566,4094521,4118353,4165010,4158761,4042250,4055624
0,9,4148353,4148369,4125312,4035330,4062734,4103065,4106085,4130850,4178022,4170820,4055278
0,10,4172541,4172559,4186957,4135289,4045469,4072986,4114582,4118758,4144072,4190254,4184077
0,11,4114415,4114443,4115419,4197147,4145757,4055866,4084486,4126853,4131514,4155802,4203007
0,12,4106243,4106261,4113237,4125764,4207720,4156304,4067268,4096692,4139568,4143257,4168485
0,13,4118013,4118055,4119551,4123876,4136225,4218387,4168198,4080243,4110339,4152283,4156887
0,14,4165982,4166059,4145478,4130934,4134916,4147757,4231541,4182341,4095187,4124198,4167071
0,15,4242820,4242946,4230871,4158361,4143301,4148033,4163079,4248058,4199515,4111285,4141218
0,16,4316139,4316311,4313059,4246797,4173683,4159459,4166238,4182107,4267900,4218086,4130744
0,17,4395295,4395475,4376154,4334275,4267257,4194516,4182293,4189775,4206845,4290946,4241936
0,18,4500855,4501114,4490362,4401361,4358454,4292191,4221746,4211012,4219736,4234551,4319722
0,19,4585234,4585701,4570771,4518285,4427572,4384726,4321249,4252218,4241532,4248464,4263601
0,20,4519129,4519556,4567982,4598254,4546565,4452932,4411460,4349935,4280974,4266986,4273822
0,21,4354294,4354603,4387446,4594238,4629781,4573739,4480861,4441331,4379876,4306515,4292514
0,22,4264642,4264946,4286369,4413183,4625563,4660176,4604726,4514270,4474812,4408804,4334743
0,23,4198571,4198859,4216566,4312279,4443715,4655563,4692962,4639623,4549421,4504903,4438724
0,24,4249363,4249609,4243118,4242222,4342062,4472295,4687077,4727273,4673465,4578456,4533776
0,25,4262350,4262583,4288920,4267974,4271553,4369332,4502023,4720482,4760640,4701396,4606281
0,26,4152305,4152598,4160369,4311761,4295651,4297710,4398014,4534640,4752063,4787673,4728714
0,27,4248869,4249132,4236698,4181532,4337435,4320571,4325770,4429797,4565290,4777879,4813980
0,28,4215249,4215502,4247187,4256204,4204927,4359532,4346330,4355768,4458321,4588903,4801711
0,29,4223076,4223292,4209988,4264567,4277615,4225749,4383356,4374175,4382285,4480324,4611070
0,30,4285668,4285877,4303926,4225300,4283270,4296809,4248227,4409166,4399278,4402859,4501282
0,31,3970218,3970416,4042249,4317294,4241565,4299447,4315821,4271733,4431220,4417496,4421549
0,32,3986847,3987041,3967254,4053592,4331495,4255692,4315699,4336582,4291082,4446712,4433749
0,33,3880150,3880318,3933189,3977570,4065734,4343476,4269846,4334080,4353926,4305136,4461246
0,34,3839216,3839372,3821850,3942114,3988622,4075870,4355717,4286357,4349411,4366240,4318192
0,35,3956434,3956625,3947964,3829864,3951867,3997698,4085952,4369587,4299148,4358839,4376401
0,36,3802087,3802236,3829828,3954144,3837924,3959048,4006330,4097338,4379832,4306255,4366923
0,37,3934445,3934593,3896345,3834765,3960899,3844203,3966497,4016464,4106086,4385828,4313086
0,38,4121880,4122089,4079778,3899899,3840318,3965886,3850942,3975186,4024381,4111226,4391406
0,39,4364796,4364949,4323965,4082351,3903922,3844285,3971497,3858343,3981529,4028306,4115771
0,40,4383274,4383450,4386945,4324162,4084648,3906127,3848087,3976967,3863180,3983824,4031314
0,41,4114985,4115155,4163043,4385306,4324443,4085581,3908070,3852433,3980464,3864969,3986156
0,42,4076104,4076260,4082337,4160611,4384058,4323279,4086109,3910645,3854650,3980816,3866067
0,43,4105105,4105285,4093405,4079076,4158255,4380908,4321631,4086686,3910593,3853250,3979609
0,44,4211496,4211684,4178062,4089258,4075927,4154366,4377751,4320358,4085258,3907893,3851155
0,45,4508868,4509044,4438112,4171964,4084573,4070522,4149789,4373961,4316196,4080348,3904041
0,46,4519761,4519941,4529302,4430147,4165313,4077717,4064470,4144580,4368043,4309081,4074459
0,47,4535265,4535450,4535096,4519326,4421446,4157081,4070739,4058161,4137815,4359465,4301318
0,48,4538796,4538968,4534267,4523052,4508452,4410792,4147945,4062643,4049911,4128210,4349714
0,49,4605901,4606060,4598676,4520386,4510206,4495612,4399110,4137833,4052713,4039082,4117603
0,50,4660295,4660457,4645792,4582646,4505720,4495099,4481212,4385725,4125155,4039446,4026474
0,51,4464631,4464779,4498619,4628125,4565482,4488150,4478223,4465234,4370171,4109944,4025069
0,52,4500846,4500963,4480236,4479451,4608768,4545746,4469592,4460502,4447792,4352576,4094079
0,53,4380354,4380489,4439092,4459275,4458809,4587606,4525069,4449929,4440759,4427431,4333375
0,54,4291999,4292120,4288142,4416457,4437155,4436394,4564933,4502864,4428032,4418178,4405567
0,55,4254709,4254809,4258615,4264196,4392433,4412604,4412051,4540553,4478253,4403109,4393983
0,56,4037513,4037601,4092857,4233621,4239081,4365668,4385972,4385823,4513951,4451318,4377130
0,57,3936386,3936450,3946260,4066825,4207066,4211538,4337386,4357770,4357590,4484471,4422810
0,58,3794928,3795015,3802193,3919214,4039562,4177929,4182257,4307288,4327523,4326625,4453038
0,59,3641269,3641349,3694048,3774178,3891097,4009527,4147266,4151179,4275027,4294387,4294024
0,60,3621131,3621214,3616506,3665273,3744816,3860100,3977732,4114449,4117822,4239714,4259361
0,61,3492596,3492656,3519939,3586699,3634742,3712717,3826919,3943386,4079088,4081356,4202894
0,62,3563182,3563260,3494915,3488021,3554736,3601304,3678575,3791492,3907097,4040739,4043396
0,63,3483884,3483943,3652013,3459942,3453979,3519573,3565726,3641819,3753816,3867581,4000235
0,64,2657131,2657194,2705937,3613032,3423248,3416465,3482828,3527662,3602450,3712619,3825765
0,65,2680761,2680815,2678384,2674636,3572333,3383252,3377646,3443249,3487278,3560160,3669600
0,66,2639141,2639209,2621243,2645187,2641789,3527836,3341609,3336059,3401348,3444063,3516436
0,67,2649365,2649426,2693617,2585272,2609972,2606024,3480983,3296821,3291714,3356013,3398755
0,68,2323672,2323736,2359748,2653141,2546904,2571601,2568311,3431071,3249412,3244182,3307833
0,69,2142324,2142381,2167780,2321074,2610392,2505262,2531221,2527820,3377704,3198582,3194269
0,70,2043121,2043178,2062528,2128951,2280611,2563981,2462460,2487798,2485189,3320393,3144466
0,71,1949323,1949391,1953545,2022303,2088775,2236637,2517174,2416513,2443419,2440099,3260552
0,72,1864275,1864324,1883778,1911721,1980516,2044816,2192013,2465904,2369270,2395620,2392283
0,73,1736960,1737022,1750273,1839514,1868201,1934694,1999978,2142810,2412822,2318273,2344633
0,74,1684487,1684563,1685969,1705013,1793547,1820505,1887914,1950617,2091825,2355298,2263489
0,75,1620077,1620158,1631858,1638171,1658243,1743292,1772007,1836635,1899583,2036694,2293604
0,76,1471070,1471157,1481686,1580932,1588625,1607051,1692284,1718862,1783719,1844686,1978012
0,77,1455330,1455414,1449144,1430449,1528226,1534528,1555048,1636338,1664040,1726841,1786181
0,78,1400123,1400205,1402187,1394194,1377628,1470808,1479551,1498120,1578721,1605304,1666402
0,79,1371195,1371312,1354927,1343437,1337551,1320178,1412549,1419595,1439602,1517003,1542867
0,80,1308511,1308608,1319737,1292169,1282872,1276090,1262012,1349127,1358070,1377095,1451583
0,81,1212865,1212976,1212614,1252185,1227637,1217537,1214231,1199043,1284470,1292937,1311488
0,82,1161421,1161546,1158364,1143712,1183074,1158273,1151948,1147239,1134886,1215766,1224165
0,83,1074809,1074941,1081451,1085157,1073311,1108791,1088632,1080801,1079060,1067044,1143669
0,84,985721,985854,987041,1005202,1010674,997909,1034570,1013576,1008889,1007456,996403
0,85,914723,914871,915028,909276,928296,931565,923190,955170,938258,933883,933260
0,86,814211,814341,821557,834819,831653,847475,853929,844041,876311,860644,857115
0,87,712908,713046,721221,741394,755792,751027,769072,772675,766435,795887,781990
0,88,640619,640765,636663,643159,663520,674795,673928,688044,693994,688305,715379
0,89,537998,538160,546207,560012,568485,584825,598390,595185,610573,615862,611251
0,90,435563,435695,448338,473804,487817,494117,511592,521392,520996,534601,539658
0,91,344987,345128,344452,382641,406758,417092,426027,438974,450017,449471,461798
0,92,281389,281498,288836,289218,322900,342273,353533,359665,372864,382354,382081
0,93,216978,217087,219062,238006,240088,266525,285467,292763,300374,311381,319838
0,94,169449,169525,170780,176651,193754,194772,217821,232218,239615,246146,255397
0,95,129717,129792,131081,135042,140608,153823,156572,173128,186678,192195,198075
0,96,95223,95288,97166,101251,105384,108873,120940,122354,135740,146772,150910
0,97,68138,68168,68894,73260,77147,79912,83389,92140,94466,103947,113174
0,98,45900,45938,47034,50661,54488,56992,59979,61687,69296,71460,77872
0,99,32266,32289,32179,33632,36765,39248,41679,43464,44967,50722,52778
0,100,53364,53412,54410,57703,61803,66139,72136,76798,82379,86784,93927
0,999,308745538,308758105,309326085,311580009,313874218,316057727,318386421,320742673,323071342,325147121,327167434
1,0,2014276,2014278,2018474,2028430,2007743,2009724,2024510,2037643,2021693,1991849,1968505
1,1,2030853,2030861,2020235,2025272,2035214,2015720,2018513,2033709,2047521,2031036,2001387
1,2,2092198,2092202,2088545,2026391,2031333,2042268,2023750,2027455,2043165,2056328,2040071
1,3,2104550,2104555,2101149,2093789,2031551,2037081,2049251,2031614,2035766,2050824,2064235
1,4,2077550,2077556,2084214,2105836,2098501,2036782,2043528,2056377,2039084,2042707,2058004
1,5,2072094,2072102,2076481,2089022,2110630,2103606,2042786,2050282,2063414,2045608,2049511
1,6,2075319,2075330,2079365,2081475,2093846,2115672,2109357,2049269,2057031,2069663,2052229
1,7,2057076,2057082,2063100,2084121,2086088,2098705,2121430,2115700,2055836,2063187,2076156
1,8,2065453,2065459,2054386,2067752,2088716,2090823,2104331,2127673,2122190,2061858,2069621
1,9,2119696,2119702,2106966,2058993,2072434,2093580,2096382,2110629,2134235,2128306,2068473
1,10,2135996,2136007,2142102,2111581,2063710,2077256,2099051,2102659,2117162,2140293,2134896
1,11,2103264,2103284,2104759,2146791,2116398,2068643,2082849,2105239,2109124,2123122,2146785
1,12,2100145,2100156,2103622,2109471,2151652,2121417,2074315,2089028,2111734,2115126,2129623
1,13,2104914,2104932,2104896,2108654,2114519,2156833,2127338,2080793,2095866,2118067,2121925
1,14,2135543,2135596,2122849,2110397,2114080,2120218,2163573,2134547,2088424,2102906,2125611
1,15,2177022,2177104,2170359,2129082,2116501,2120657,2128124,2172003,2143316,2096690,2111626
1,16,2216034,2216153,2214899,2178520,2137004,2124859,2130073,2137939,2182224,2152936,2106746
1,17,2263153,2263294,2252708,2226169,2189283,2148029,2136860,2142389,2150928,2194348,2165445
1,18,2305473,2305664,2305396,2265850,2238704,2202467,2162271,2152179,2158419,2165658,2209794
1,19,2341984,2342296,2334596,2320135,2279724,2252714,2218097,2179093,2168557,2173863,2181297
1,20,2308319,2308579,2331596,2348694,2335801,2293201,2266737,2233576,2194194,2181385,2186613
1,21,2223198,2223396,2240843,2344395,2366673,2349953,2307313,2282517,2248997,2206569,2193614
1,22,2177797,2178023,2187907,2252173,2361225,2382388,2365346,2324623,2299500,2262883,2219586
1,23,2140799,2141015,2150744,2198326,2267594,2375806,2398453,2382897,2342064,2313281,2276330
1,24,2164063,2164238,2161093,2160503,2212337,2280649,2390079,2414932,2398533,2354506,2325404
1,25,2161308,2161475,2176904,2169696,2173964,2224097,2293548,2405454,2430029,2410032,2365722
1,26,2097088,2097305,2102105,2184501,2182419,2185046,2236677,2308343,2419331,2441090,2421037
1,27,2140651,2140841,2134977,2109180,2195886,2193168,2197381,2251108,2321904,2429709,2451655
1,28,2118605,2118796,2134787,2141409,2119495,2205163,2204570,2211453,2263961,2331697,2439423
1,29,2117939,2118098,2112134,2140652,2151210,2128510,2215778,2217929,2223644,2273373,2341001
1,30,2160802,2160945,2167253,2117270,2149143,2159534,2138487,2228011,2229540,2232572,2282299
1,31,1988155,1988284,2026266,2171683,2124527,2156290,2168145,2150105,2238557,2237945,2241062
1,32,1994476,1994606,1985973,2029857,2178064,2130833,2163823,2178643,2159517,2245784,2245454
1,33,1936863,1936983,1963430,1989386,2035011,2183095,2137089,2172840,2186666,2165649,2252017
1,34,1916204,1916311,1908550,1966037,1994116,2039053,2188226,2144864,2179705,2191802,2171039
1,35,1980916,1981032,1974444,1910820,1970201,1997672,2043201,2194562,2150464,2183195,2195500
1,36,1890595,1890693,1907175,1975802,1913869,1972420,2000888,2048178,2198549,2152568,2185835
1,37,1953386,1953488,1934291,1907979,1978180,1915689,1974933,2005183,2051368,2200099,2154545
1,38,2049720,2049866,2027789,1934316,1909739,1979408,1917835,1978349,2007943,2052409,2201174
1,39,2167405,2167500,2148448,2027628,1935240,1910632,1981213,1920619,1980240,2008416,2053136
1,40,2191249,2191367,2189231,2146782,2027692,1935245,1911625,1983091,1921928,1980069,2008548
1,41,2047818,2047931,2073699,2186386,2145819,2027076,1935214,1912805,1983519,1921339,1979715
1,42,2028653,2028755,2031573,2070786,2184544,2143934,2026315,1935464,1912705,1982205,1920426
1,43,2035990,2036118,2030765,2028346,2068223,2181430,2141952,2025757,1934366,1910842,1980368
1,44,2090267,2090388,2074347,2027001,2025279,2064715,2178426,2140291,2023807,1931620,1908353
1,45,2237450,2237564,2201662,2069350,2023312,2020951,2060846,2175121,2136459,2019696,1928049
1,46,2230982,2231099,2238568,2195758,2064659,2018335,2016231,2056693,2170380,2131223,2015066
1,47,2238248,2238371,2237752,2231572,2189757,2058787,2013213,2011534,2051606,2164250,2125627
1,48,2237734,2237859,2235091,2229442,2224095,2182319,2052376,2007604,2005602,2044963,2157491
1,49,2264671,2264793,2262232,2225712,2220810,2215408,2174363,2045463,2000754,1998310,2037762
1,50,2300354,2300471,2290656,2251649,2216015,2210678,2205872,2165544,2036876,1992020,1989936
1,51,2190766,2190860,2209609,2278980,2240246,2204455,2199644,2195423,2155255,2027025,1982590
1,52,2207246,2207331,2196979,2197076,2266381,2227525,2192495,2188213,2183985,2143940,2016677
1,53,2141354,2141451,2170772,2183189,2183683,2252624,2214176,2179737,2175310,2170769,2131415
1,54,2093554,2093639,2091480,2155935,2168911,2169210,2237870,2199599,2165344,2160713,2156589
1,55,2073473,2073546,2075036,2075876,2140389,2153054,2153432,2221954,2183614,2149254,2145020
1,56,1956141,1956202,1984306,2058668,2059532,2123185,2135769,2136505,2204850,2166333,2132558
1,57,1905355,1905398,1909865,1967418,2041319,2041913,2104858,2117662,2118381,2186051,2148167
1,58,1834808,1834863,1838559,1892244,1949778,2022544,2022937,2085597,2098260,2098626,2165907
1,59,1753871,1753929,1779382,1820415,1874009,1930382,2002641,2002834,2064932,2076940,2077675
1,60,1745507,1745559,1742122,1760762,1801554,1854196,1909900,1981423,1981382,2042360,2054540
1,61,1679077,1679114,1691320,1723174,1741295,1781209,1832858,1887794,1958678,1958114,2018812
1,62,1712692,1712746,1678985,1671569,1703085,1720137,1759258,1810263,1864672,1934180,1933853
1,63,1672329,1672362,1753823,1657534,1650723,1680940,1697523,1735951,1786325,1839800,1908640
1,64,1267895,1267924,1291793,1730300,1635318,1627607,1657978,1673658,1711138,1760630,1813691
1,65,1273310,1273339,1272621,1272793,1705773,1611115,1603988,1633701,1648673,1684992,1734093
1,66,1248276,1248309,1239751,1252746,1253089,1679066,1586232,1578771,1608149,1622470,1658451
1,67,1248906,1248938,1270098,1218496,1231659,1231738,1651225,1559379,1552195,1580939,1595396
1,68,1087296,1087339,1105672,1246288,1195906,1209022,1209280,1621545,1531196,1523933,1552348
1,69,994759,994797,1006753,1083202,1221406,1171820,1185270,1185337,1590002,1501234,1494525
1,70,945611,945642,954041,984544,1060065,1194739,1146943,1160063,1160428,1556705,1469752
1,71,900148,900187,903220,931237,961716,1034974,1167821,1120566,1134475,1134416,1522210
1,72,853726,853749,862506,879663,907695,936886,1009446,1138608,1093524,1107104,1106964
1,73,787863,787903,794626,837848,855287,882090,911650,981728,1108568,1064688,1078210
1,74,756624,756661,758812,769721,812451,828872,856115,884319,953290,1076512,1034136
1,75,721008,721040,725646,732756,744173,784977,802083,828018,856260,922912,1042460
1,76,647804,647847,653546,698281,706048,716553,757206,773254,799299,826485,890943
1,77,631884,631915,630851,626376,670314,677294,688704,727331,743766,768829,795142
1,78,602458,602490,602780,602127,598654,640230,648218,658622,696684,712433,736686
1,79,579234,579284,573882,572489,572895,568944,609889,616955,627911,664209,679443
1,80,543559,543595,549223,542052,541689,541617,539014,577353,585150,595525,630172
1,81,494870,494914,496069,515531,509737,508906,510281,507126,544430,551854,561875
1,82,462983,463020,462808,462341,481577,475562,476217,476964,474935,509900,517114
1,83,419831,419882,423007,427912,428512,445788,441560,441480,443433,441402,474179
1,84,373131,373169,375690,387570,393108,393067,410436,405734,406835,408807,407026
1,85,336819,336856,337664,340687,352591,357018,358403,373541,370342,371378,373553
1,86,293120,293149,295388,302823,306571,316753,322082,322633,337507,334595,335767
1,87,249803,249840,253628,261663,269346,272060,282503,286518,288152,301537,299120
1,88,217436,217472,216222,221743,229739,235944,239587,248104,252708,254213,266294
1,89,176689,176731,180466,186092,192051,198357,205009,207440,215899,219957,221521
1,90,136948,136985,141391,152989,158533,163349,169753,174869,177824,185143,188838
1,91,103799,103826,104287,117712,128314,132372,137627,142373,147570,150051,156443
1,92,81072,81101,83457,85334,96846,105351,109402,113480,118076,122436,124601
1,93,59037,59063,60180,66888,69033,77821,85608,88290,92464,96180,99922
1,94,43531,43541,43824,47153,52954,54516,61813,67846,70332,73836,76838
1,95,30951,30967,31736,33599,36489,40837,42617,47736,53099,54872,57897
1,96,21424,21432,22022,23796,25436,27439,31144,32422,36318,40608,41849
1,97,14556,14563,14774,16108,17618,18681,20388,23045,24377,26978,30486
1,98,9259,9263,9501,10555,11645,12646,13560,14663,16824,17985,19597
1,99,6073,6075,6106,6604,7460,8150,8982,9516,10391,11958,12985
1,100,9162,9166,9353,10144,11150,12273,13703,15059,16493,17943,19982
1,999,151781326,151788777,152077018,153211825,154396283,155514347,156697642,157910775,159088102,160125630,161128679
2,0,1929877,1929882,1932956,1934662,1918827,1921534,1930276,1946322,1933499,1902096,1879703
2,1,1947217,1947229,1937495,1940953,1942336,1926976,1930379,1939483,1956073,1942767,1911513
2,2,2004731,2004737,2002076,1944263,1947591,1949477,1934958,1938875,1948378,1964497,1951366
2,3,2014490,2014496,2010539,2007855,1949981,1953938,1956681,1942740,1946953,1955978,1972327
2,4,1985620,1985630,1993132,2015652,2012989,1955714,1960507,1963887,1950233,1953885,1963164
2,5,1984764,1984770,1988040,1998032,2020419,2018270,1961785,1967303,1970911,1956677,1960607
2,6,1991062,1991082,1993539,1993058,2002787,2025458,2024017,1968139,1973863,1976962,1963030
2,7,1973503,1973512,1979890,1998703,1998091,2008055,2031241,2030190,1974558,1979770,1983207
2,8,1981033,1981038,1971116,1985025,2003850,2003698,2014022,2037337,2036571,1980392,1986003
2,9,2028657,2028667,2018346,1976337,1990300,2009485,2009703,2020221,2043787,2042514,1986805
2,10,2036545,2036552,2044855,2023708,1981759,1995730,2015531,2016099,2026910,2049961,2049181
2,11,2011151,2011159,2010660,2050356,2029359,1987223,2001637,2021614,2022390,2032680,2056222
2,12,2006098,2006105,2009615,2016293,2056068,2034887,1992953,2007664,2027834,2028131,2038862
2,13,2013099,2013123,2014655,2015222,2021706,2061554,2040860,1999450,2014473,2034216,2034962
2,14,2030439,2030463,2022629,2020537,2020836,2027539,2067968,2047794,2006763,2021292,2041460
2,15,2065798,2065842,2060512,2029279,2026800,2027376,2034955,2076055,2056199,2014595,2029592
2,16,2100105,2100158,2098160,2068277,2036679,2034600,2036165,2044168,2085676,2065150,2023998
2,17,2132142,2132181,2123446,2108106,2077974,2046487,2045433,2047386,2055917,2096598,2076491
2,18,2195382,2195450,2184966,2135511,2119750,2089724,2059475,2058833,2061317,2068893,2109928
2,19,2243250,2243405,2236175,2198150,2147848,2132012,2103152,2073125,2072975,2074601,2082304
2,20,2210810,2210977,2236386,2249560,2210764,2159731,2144723,2116359,2086780,2085601,2087209
2,21,2131096,2131207,2146603,2249843,2263108,2223786,2173548,2158814,2130879,2099946,2098900
2,22,2086845,2086923,2098462,2161010,2264338,2277788,2239380,2189647,2175312,2145921,2115157
2,23,2057772,2057844,2065822,2113953,2176121,2279757,2294509,2256726,2207357,2191622,2162394
2,24,2085300,2085371,2082025,2081719,2129725,2191646,2296998,2312341,2274932,2223950,2208372
2,25,2101042,2101108,2112016,2098278,2097589,2145235,2208475,2315028,2330611,2291364,2240559
2,26,2055217,2055293,2058264,2127260,2113232,2112664,2161337,2226297,2332732,2346583,2307677
2,27,2108218,2108291,2101721,2072352,2141549,2127403,2128389,2178689,2243386,2348170,2362325
2,28,2096644,2096706,2112400,2114795,2085432,2154369,2141760,2144315,2194360,2257206,2362288
2,29,2105137,2105194,2097854,2123915,2126405,2097239,2167578,2156246,2158641,2206951,2270069
2,30,2124866,2124932,2136673,2108030,2134127,2137275,2109740,2181155,2169738,2170287,2218983
2,31,1982063,1982132,2015983,2145611,2117038,2143157,2147676,2121628,2192663,2179551,2180487
2,32,1992371,1992435,1981281,2023735,2153431,2124859,2151876,2157939,2131565,2200928,2188295
2,33,1943287,1943335,1969759,1988184,2030723,2160381,2132757,2161240,2167260,2139487,2209229
2,34,1923012,1923061,1913300,1976077,1994506,2036817,2167491,2141493,2169706,2174438,2147153
2,35,1975518,1975593,1973520,1919044,1981666,2000026,2042751,2175025,2148684,2175644,2180901
2,36,1911492,1911543,1922653,1978342,1924055,1986628,2005442,2049160,2181283,2153687,2181088
2,37,1981059,1981105,1962054,1926786,1982719,1928514,1991564,2011281,2054718,2185729,2158541
2,38,2072160,2072223,2051989,1965583,1930579,1986478,1933107,1996837,2016438,2058817,2190232
2,39,2197391,2197449,2175517,2054723,1968682,1933653,1990284,1937724,2001289,2019890,2062635
2,40,2192025,2192083,2197714,2177380,2056956,1970882,1936462,1993876,1941252,2003755,2022766
2,41,2067167,2067224,2089344,2198920,2178624,2058505,1972856,1939628,1996945,1943630,2006441
2,42,2047451,2047505,2050764,2089825,2199514,2179345,2059794,1975181,1941945,1998611,1945641
2,43,2069115,2069167,2062640,2050730,2090032,2199478,2179679,2060929,1976227,1942408,1999241
2,44,2121229,2121296,2103715,2062257,2050648,2089651,2199325,2180067,2061451,1976273,1942802
2,45,2271418,2271480,2236450,2102614,2061261,2049571,2088943,2198840,2179737,2060652,1975992
2,46,2288779,2288842,2290734,2234389,2100654,2059382,2048239,2087887,2197663,2177858,2059393
2,47,2297017,2297079,2297344,2287754,2231689,2098294,2057526,2046627,2086209,2195215,2175691
2,48,2301062,2301109,2299176,2293610,2284357,2228473,2095569,2055039,2044309,2083247,2192223
2,49,2341230,2341267,2336444,2294674,2289396,2280204,2224747,2092370,2051959,2040772,2079841
2,50,2359941,2359986,2355136,2330997,2289705,2284421,2275340,2220181,2088279,2047426,2036538
2,51,2273865,2273919,2289010,2349145,2325236,2283695,2278579,2269811,2214916,2082919,2042479
2,52,2293600,2293632,2283257,2282375,2342387,2318221,2277097,2272289,2263807,2208636,2077402
2,53,2239000,2239038,2268320,2276086,2275126,2334982,2310893,2270192,2265449,2256662,2201960
2,54,2198445,2198481,2196662,2260522,2268244,2267184,2327063,2303265,2262688,2257465,2248978
2,55,2181236,2181263,2183579,2188320,2252044,2259550,2258619,2318599,2294639,2253855,2248963
2,56,2081372,2081399,2108551,2174953,2179549,2242483,2250203,2249318,2309101,2284985,2244572
2,57,2031031,2031052,2036395,2099407,2165747,2169625,2232528,2240108,2239209,2298420,2274643
2,58,1960120,1960152,1963634,2026970,2089784,2155385,2159320,2221691,2229263,2227999,2287131
2,59,1887398,1887420,1914666,1953763,2017088,2079145,2144625,2148345,2210095,2217447,2216349
2,60,1875624,1875655,1874384,1904511,1943262,2005904,2067832,2133026,2136440,2197354,2204821
2,61,1813519,1813542,1828619,1863525,1893447,1931508,1994061,2055592,2120410,2123242,2184082
2,62,1850490,1850514,1815930,1816452,1851651,1881167,1919317,1981229,2042425,2106559,2109543
2,63,1811555,1811581,1898190,1802408,1803256,1838633,1868203,1905868,1967491,2027781,2091595
2,64,1389236,1389270,1414144,1882732,1787930,1788858,1824850,1854004,1891312,1951989,2012074
2,65,1407451,1407476,1405763,1401843,1866560,1772137,1773658,1809548,1838605,1875168,1935507
2,66,1390865,1390900,1381492,1392441,1388700,1848770,1755377,1757288,1793199,1821593,1857985
2,67,1400459,1400488,1423519,1366776,1378313,1374286,1829758,1737442,1739519,1775074,1803359
2,68,1236376,1236397,1254076,1406853,1350998,1362579,1359031,1809526,1718216,1720249,1755485
2,69,1147565,1147584,1161027,1237872,1388986,1333442,1345951,1342483,1787702,1697348,1699744
2,70,1097510,1097536,1108487,1144407,1220546,1369242,1315517,1327735,1324761,1763688,1674714
2,71,1049175,1049204,1050325,1091066,1127059,1201663,1349353,1295947,1308944,1305683,1738342
2,72,1010549,1010575,1021272,1032058,1072821,1107930,1182567,1327296,1275746,1288516,1285319
2,73,949097,949119,955647,1001666,1012914,1052604,1088328,1161082,1304254,1253585,1266423
2,74,927863,927902,927157,935292,981096,991633,1031799,1066298,1138535,1278786,1229353
2,75,899069,899118,906212,905415,914070,958315,969924,1008617,1043323,1113782,1251144
2,76,823266,823310,828140,882651,882577,890498,935078,945608,984420,1018201,1087069
2,77,823446,823499,818293,804073,857912,857234,866344,909007,920274,958012,991039
2,78,797665,797715,799407,792067,778974,830578,831333,839498,882037,892871,929716
2,79,791961,792028,781045,770948,764656,751234,802660,802640,811691,852794,863424
2,80,764952,765013,770514,750117,741183,734473,722998,771774,772920,781570,821411
2,81,717995,718062,716545,736654,717900,708631,703950,691917,740040,741083,749613
2,82,698438,698526,695556,681371,701497,682711,675731,670275,659951,705866,707051
2,83,654978,655059,658444,657245,644799,663003,647072,639321,635627,625642,669490
2,84,612590,612685,611351,617632,617566,604842,624134,607842,602054,598649,589377
2,85,577904,578015,577364,568589,575705,574547,564787,581629,567916,562505,559707
2,86,521091,521192,526169,531996,525082,530722,531847,521408,538804,526049,521348
2,87,463105,463206,467593,479731,486446,478967,486569,486157,478283,494350,482870
2,88,423183,423293,420441,421416,433781,438851,434341,439940,441286,434092,449085
2,89,361309,361429,365741,373920,376434,386468,393381,387745,394674,395905,389730
2,90,298615,298710,306947,320815,329284,330768,341839,346523,343172,349458,350820
2,91,241188,241302,240165,264929,278444,284720,288400,296601,302447,299420,305355
2,92,200317,200397,205379,203884,226054,236922,244131,246185,254788,259918,257480
2,93,157941,158024,158882,171118,171055,188704,199859,204473,207910,215201,219916
2,94,125918,125984,126956,129498,140800,140256,156008,164372,169283,172310,178559
2,95,98766,98825,99345,101443,104119,112986,113955,125392,133579,137323,140178
2,96,73799,73856,75144,77455,79948,81434,89796,89932,99422,106164,109061
2,97,53582,53605,54120,57152,59529,61231,63001,69095,70089,76969,82688
2,98,36641,36675,37533,40106,42843,44346,46419,47024,52472,53475,58275
2,99,26193,26214,26073,27028,29305,31098,32697,33948,34576,38764,39793
2,100,44202,44246,45057,47559,50653,53866,58433,61739,65886,68841,73945
2,999,156964212,156969328,157249067,158368184,159477935,160543380,161688779,162831898,163983240,165021491,166038755
