Date,Category,Net worth,Assets,Real estate,Consumer durables,Corporate equities and mutual fund shares,Pension entitlements,Private businesses,Other assets,Liabilities,Home mortgages,Consumer credit,Other liabilities
1989:Q3,age70plus,18.9,16.8,14.6,8.5,22.5,10.7,11.5,28.9,3.2,1.9,4.7,16.3
1989:Q3,age55to69,35.5,32.6,27.6,24.4,36.4,38.3,34,34.8,13.5,13.2,11.6,28.6
1989:Q3,age40to54,32.4,33.3,35.9,35.5,30.4,37.6,38.4,23.9,39.3,39.4,38.3,43.6
1989:Q3,ageunder40,13.1,17.3,22,31.6,10.7,13.4,16,12.5,44,45.5,45.4,11.5
1989:Q4,age70plus,19.1,17,15.8,8.6,21.2,10.4,11.3,28.6,3.1,1.8,4.5,15.4
1989:Q4,age55to69,35.7,32.9,27.6,24.3,37.4,38.3,34.6,35.2,14.4,14.4,11.7,29.3
1989:Q4,age40to54,32.5,33.2,35.3,35.4,30.2,38,38.3,23.7,37.4,36.8,38,43.8
1989:Q4,ageunder40,12.7,17,21.3,31.7,11.2,13.2,15.8,12.4,45.2,47,45.7,11.5
1990:Q1,age70plus,19.5,17.3,15.4,8.9,22.5,10.9,12.3,28.9,2.9,1.7,4.2,14.7
1990:Q1,age55to69,35.5,32.6,27.7,24.4,35.8,37.9,34.4,35.3,14.3,14,12.2,30.8
1990:Q1,age40to54,32.4,33.2,35.7,35.3,30.2,38.3,37.8,23.6,38.6,38.6,37.8,42.7
1990:Q1,ageunder40,12.6,16.9,21.2,31.3,11.5,12.9,15.5,12.2,44.2,45.7,45.8,11.8
1990:Q2,age70plus,20.6,18.2,16.6,9,24.6,11.7,13.5,29.3,2.8,1.8,3.9,14
1990:Q2,age55to69,35,32.3,27.7,24.3,34.6,37.2,34.4,35,15.5,15.4,12.8,31.5
1990:Q2,age40to54,32.3,32.9,34.9,35.2,29.7,38.4,36.9,23.7,36.9,36.4,37.1,42.7
1990:Q2,ageunder40,12.2,16.6,20.8,31.5,11.1,12.7,15.2,12,44.8,46.3,46.2,11.8
1990:Q3,age70plus,21.3,18.7,15.8,9.9,27.8,12.5,15.2,30.2,2.7,1.6,4.2,12.8
1990:Q3,age55to69,34.6,31.8,27.9,24.3,30.6,36.8,33.2,34.9,14.5,14.5,11.8,31.2
1990:Q3,age40to54,32.1,33,35.5,35,30,38.5,36.7,23.4,38.9,38.8,38.2,44.4
1990:Q3,ageunder40,12,16.5,20.9,30.8,11.6,12.2,15,11.5,43.9,45.1,45.8,11.6
1990:Q4,age70plus,20.6,18.1,15.6,10.1,24.1,11.8,14.1,29.6,2.4,1.3,3.9,12.7
1990:Q4,age55to69,35.2,32.3,27.9,24.4,34,36.9,34.1,35.3,14.5,14.1,12.5,32.7
1990:Q4,age40to54,32.2,33.1,35.4,34.9,30.1,39.1,37.1,23.4,38.9,39.1,37.5,43.1
1990:Q4,ageunder40,11.9,16.4,21.1,30.7,11.8,12.2,14.7,11.6,44.3,45.5,46.1,11.5
1991:Q1,age70plus,19.5,17.1,16.4,10,18.7,10.5,11.9,28.6,2,1.1,3.2,12.1
1991:Q1,age55to69,36,33.2,27.9,24.3,38.9,37.2,35.8,35.8,15.4,14.8,14.1,33.4
1991:Q1,age40to54,32.6,33.2,34.8,34.8,30.3,39.9,37.9,23.6,37.1,37.2,36,42.6
1991:Q1,ageunder40,11.8,16.4,20.8,30.9,12.1,12.4,14.5,12.1,45.4,46.9,46.7,11.9
1991:Q2,age70plus,20.1,17.6,16.5,10.5,20.3,10.7,13,29.2,2,1.1,3.2,11.8
1991:Q2,age55to69,35.5,32.8,28,24.2,37.6,36.8,35.3,35.1,15.7,15.1,14.3,33.9
1991:Q2,age40to54,32.7,33.4,34.7,34.6,30.3,40.2,37.5,24,37.2,37.3,35.8,42.8
1991:Q2,ageunder40,11.6,16.3,20.8,30.7,11.8,12.3,14.2,11.8,45.1,46.4,46.8,11.5
1991:Q3,age70plus,19.8,17.4,15.8,10.8,19.9,10.4,13.2,29.3,2.1,1.3,3.1,12.4
1991:Q3,age55to69,35.6,32.8,28,24.4,38.4,36.5,35.5,34.7,15.3,14.4,14.6,35.3
1991:Q3,age40to54,32.7,33.6,35.1,34.5,30.3,40.7,37.3,24.2,39.1,40.2,35.2,41.1
1991:Q3,ageunder40,11.9,16.3,21.2,30.4,11.4,12.3,14,11.8,43.5,44.2,47.1,11.2
1991:Q4,age70plus,18.8,16.5,15.8,10.9,16,9.6,11.8,28.5,2.3,1.4,3,13.1
1991:Q4,age55to69,36.3,33.5,28.1,24.4,42.6,36.5,36.6,35,15.7,14.7,15.1,36.8
1991:Q4,age40to54,33.1,33.9,35.1,34.4,30.4,41.6,37.9,24.8,39.1,40.6,34.4,39
1991:Q4,ageunder40,11.8,16.1,21,30.4,11.1,12.3,13.7,11.8,42.9,43.4,47.5,11.1
1992:Q1,age70plus,19.3,17,16.6,11.4,16.4,9.9,12.6,28.9,2.6,1.9,2.9,12.4
1992:Q1,age55to69,35.5,32.9,27.9,24,41.8,35.9,36,33.9,16.4,15.7,15.1,35.4
1992:Q1,age40to54,33.4,34.2,34.5,34.4,30.8,42.2,37.9,25.6,39.1,40.4,34.2,41.1
1992:Q1,ageunder40,11.8,15.9,20.9,30.2,11,12,13.5,11.6,41.9,42,47.8,11.1
1992:Q2,age70plus,20,17.7,17.2,11.7,18,10.3,13.8,29.7,2.8,2.2,2.9,12.7
1992:Q2,age55to69,34.7,32.2,27.8,23.8,40.5,35.2,35.5,32.6,16.9,16.3,15.1,35.6
1992:Q2,age40to54,33.5,34.3,34,34.4,31,42.8,37.3,26.3,39.1,40.5,33.9,40.7
1992:Q2,ageunder40,11.8,15.8,21,30.2,10.5,11.7,13.4,11.4,41.1,40.9,48.1,11
1992:Q3,age70plus,19.7,17.3,16,11.9,17.7,10.2,14,30,2.7,2.1,2.9,12.4
1992:Q3,age55to69,34.6,32,27.9,24,40.9,34.7,35.5,31.7,16.1,15.3,15.2,35.6
1992:Q3,age40to54,33.9,34.9,34.8,34.3,31.3,43.6,37.3,26.9,41,43.1,33.6,41.3
1992:Q3,ageunder40,11.8,15.7,21.3,29.8,10.1,11.6,13.2,11.5,40.2,39.6,48.2,10.7
1992:Q4,age70plus,19.1,16.9,16.1,12.3,15.3,10.3,12.9,29.4,2.8,2.2,2.8,12.1
1992:Q4,age55to69,35.2,32.6,27.6,23.9,43.1,35.1,35.8,32.2,16,15.2,14.9,35.9
1992:Q4,age40to54,33.9,35,35,34.2,31.7,43.1,38.3,26.8,41.6,43.8,34.1,41.3
1992:Q4,ageunder40,11.8,15.6,21.4,29.6,10,11.5,13,11.6,39.7,38.9,48.1,10.7
1993:Q1,age70plus,19.8,17.5,18.6,12.6,15.5,10.5,12.8,29.1,3.1,2.7,2.4,12.5
1993:Q1,age55to69,34.8,32.5,27.1,23.2,42.5,35.3,35.5,32.6,17.8,17.3,15.3,36.8
1993:Q1,age40to54,34.1,34.7,33.5,34.4,32.2,42.7,38.9,27.3,38.7,39.8,34.2,40.2
1993:Q1,ageunder40,11.4,15.3,20.8,29.8,9.8,11.6,12.8,11.1,40.5,40.2,48.1,10.5
1993:Q2,age70plus,19.7,17.4,18.2,12.9,15.2,10.8,12.7,29.2,3,2.7,2.3,12.2
1993:Q2,age55to69,34.7,32.3,26.9,23.2,42.2,35.4,35,32.6,17.3,16.9,14.9,37.1
1993:Q2,age40to54,34.2,35,34,34.4,32.9,42.4,39.6,27.4,39.8,41.1,35,40.4
1993:Q2,ageunder40,11.3,15.2,20.8,29.5,9.8,11.5,12.7,10.9,39.8,39.4,47.8,10.3
1993:Q3,age70plus,19.6,17.3,17.5,13.2,15,11,12.6,29.2,2.9,2.5,2.3,12.8
1993:Q3,age55to69,34.7,32.3,26.8,23.3,42.1,35.4,34.6,32.4,16.8,16,14.5,38.9
1993:Q3,age40to54,34.4,35.3,34.7,34.4,33.3,42.1,40.2,27.6,41,42.6,35.8,38.5
1993:Q3,ageunder40,11.3,15.1,20.9,29.1,9.5,11.5,12.6,10.8,39.4,38.9,47.5,9.9
1993:Q4,age70plus,19.5,17.2,17.8,13.3,14.1,11.2,12.1,29.1,3,2.6,2.4,13.1
1993:Q4,age55to69,34.8,32.3,26.6,23.3,42.6,35.3,34.4,32.3,16.7,16.1,13.7,39.9
1993:Q4,age40to54,34.6,35.5,34.9,34.5,33.9,42.1,41.1,27.7,41.1,42.6,36.7,37.5
1993:Q4,ageunder40,11.2,15,20.8,29,9.4,11.4,12.4,10.9,39.1,38.6,47.2,9.5
1994:Q1,age70plus,20.6,18.1,19.3,13.7,15.8,11.9,13.3,29.1,3.1,2.7,2.3,12.7
1994:Q1,age55to69,34,31.7,26.3,22.8,40.3,35,33.1,32.7,17.5,17.3,13.2,40.2
1994:Q1,age40to54,34.9,35.5,34.1,34.6,34.7,41.8,41.3,28.3,39.5,40.1,37.7,37.6
1994:Q1,ageunder40,10.6,14.6,20.3,28.9,9.2,11.2,12.3,9.8,39.9,39.9,46.8,9.5
1994:Q2,age70plus,21.9,19.3,19.5,13.8,19.2,12.9,15.4,30.1,3.2,2.8,2.5,12.3
1994:Q2,age55to69,32.9,30.7,26.1,22.7,37.2,34.5,31.8,31.7,17.4,17.5,12.4,40.3
1994:Q2,age40to54,34.8,35.5,34.2,34.7,35,41.4,40.6,28.5,39.9,40.4,38.6,37.9
1994:Q2,ageunder40,10.4,14.5,20.2,28.7,8.6,11.2,12.2,9.7,39.5,39.3,46.5,9.4
1994:Q3,age70plus,22.1,19.4,18.8,13.8,20.5,13.4,16.2,30.3,3.2,2.8,2.5,11.8
1994:Q3,age55to69,32.7,30.5,26,23,36,34.2,31.4,31.5,16.7,16.7,11.9,40.4
1994:Q3,age40to54,34.7,35.7,34.9,34.7,35.4,41.2,40.5,28.7,41.4,42.3,39.2,38.5
1994:Q3,ageunder40,10.4,14.4,20.3,28.6,8.1,11.2,11.9,9.6,38.7,38.1,46.4,9.3
1994:Q4,age70plus,23,20.2,18.8,13.9,22.9,14.4,17.8,30.7,3.3,2.9,2.9,12.1
1994:Q4,age55to69,32.1,29.9,25.8,23,33.9,33.6,30.6,31.1,16.4,16.6,10.7,41.5
1994:Q4,age40to54,34.6,35.7,35,34.7,35.7,40.9,40.1,28.9,42.2,43.2,40.3,37.3
1994:Q4,ageunder40,10.3,14.2,20.4,28.4,7.5,11.1,11.5,9.3,38,37.3,46.2,9.2
1995:Q1,age70plus,23.2,20.3,18.9,13.6,23.7,14.5,18.3,30.4,3.2,3,2.4,11.2
1995:Q1,age55to69,32.1,29.9,25.8,23.1,33.8,33.5,30.9,31.1,16.6,16.7,11.4,41.2
1995:Q1,age40to54,34.7,35.7,35.1,34.7,35.7,40.7,39.8,29.3,42.2,43.3,39.8,38.3
1995:Q1,ageunder40,10.1,14,20.2,28.5,6.9,11.3,11,9.2,37.9,37.1,46.4,9.3
1995:Q2,age70plus,22.2,19.5,17.2,13.4,22.9,14.3,17.8,29.6,3,2.7,2.2,10.6
1995:Q2,age55to69,32.9,30.5,26.3,23.6,34.8,33.6,32,31.5,15.8,15.4,11.7,41.6
1995:Q2,age40to54,34.8,36.1,36.5,34.6,35.8,40.6,40.1,29.2,43.9,45.7,39.5,38.3
1995:Q2,ageunder40,10,13.9,20,28.4,6.5,11.4,10.1,9.8,37.3,36.1,46.6,9.5
1995:Q3,age70plus,21.2,18.6,16.2,13.1,21.4,14,16.8,28.1,2.9,2.7,2.2,10.9
1995:Q3,age55to69,34,31.3,26.7,23.9,36.6,34,33.6,32.5,15.5,14.9,11.7,42.7
1995:Q3,age40to54,35,36.4,37.5,34.5,35.9,40.5,40.7,29.2,44.9,47.4,39.2,36.9
1995:Q3,ageunder40,9.8,13.7,19.7,28.4,6.1,11.6,8.8,10.2,36.7,35.1,47,9.5
1995:Q4,age70plus,21.1,18.5,16.6,13.2,20.6,13.6,16.2,28.7,3,2.6,2.6,10.9
1995:Q4,age55to69,33.8,31.2,26.5,24,37.2,34,32.9,31.8,15.3,15,11.6,40
1995:Q4,age40to54,35.1,36.5,37.2,34.8,35.8,40.7,40.9,29.4,44.6,46.8,39.6,39.1
1995:Q4,ageunder40,9.9,13.8,19.8,28,6.5,11.6,10,10.1,37,35.7,46.2,10
1996:Q1,age70plus,20.9,18.4,17.1,13.2,19.8,13.3,15.3,28.7,3.1,2.6,2.5,13.2
1996:Q1,age55to69,33.8,31.3,26.3,24.1,37.5,34.1,32.6,31.9,15.9,15.4,12.3,41.1
1996:Q1,age40to54,35.3,36.5,36.9,35.1,35.9,41,41.3,29.4,43.7,45.6,39.5,36.9
1996:Q1,ageunder40,9.9,13.8,19.7,27.6,6.8,11.6,10.8,10,37.3,36.4,45.7,8.9
1996:Q2,age70plus,20.9,18.4,16.9,13.2,19.8,13.2,15.2,28.9,3.2,2.6,2.7,13.4
1996:Q2,age55to69,33.7,31.2,26.1,24.3,37.4,34.1,32.2,31.7,15.7,15.2,12.4,39
1996:Q2,age40to54,35.3,36.6,36.9,35.3,35.8,41,41.3,29.6,44.3,46.3,39.6,38.2
1996:Q2,ageunder40,10.1,13.9,20.1,27.2,7,11.6,11.3,9.8,36.8,35.9,45.3,9.3
1996:Q3,age70plus,21.1,18.5,17,13.3,20.3,13.2,15.4,29.2,3.3,2.7,2.9,13.7
1996:Q3,age55to69,33.5,31,26,24.4,36.6,34.1,31.7,31.5,15.7,15.3,12.4,37.3
1996:Q3,age40to54,35.2,36.5,36.8,35.6,35.9,41,41.1,29.3,44.5,46.6,39.8,39.5
1996:Q3,ageunder40,10.2,14,20.3,26.7,7.2,11.6,11.8,10,36.5,35.5,44.9,9.5
1996:Q4,age70plus,21,18.5,18,13.1,20.1,12.7,14.9,28.8,3.4,2.8,3,14.7
1996:Q4,age55to69,33.7,31.2,25.9,24.5,37,34.5,32,31.8,16.4,16.2,12.9,36.7
1996:Q4,age40to54,35.1,36.3,36.1,35.8,35.7,41,40.9,29.2,43.3,44.9,39.4,39.7
1996:Q4,ageunder40,10.2,14,20,26.5,7.2,11.9,12.1,10.2,36.9,36.1,44.7,8.9
1997:Q1,age70plus,21.2,18.7,18.4,13.1,20.6,12.7,15.1,28.9,3.5,2.9,2.8,15
1997:Q1,age55to69,33.4,31.1,26,24.7,36.3,34.5,31.6,31.8,16.9,16.7,13.5,35.5
1997:Q1,age40to54,35.2,36.3,35.9,36.1,35.8,40.9,40.8,29.3,42.9,44.4,39.3,40.1
1997:Q1,ageunder40,10.1,13.9,19.8,26.2,7.4,11.8,12.5,10,36.7,36,44.4,9.5
1997:Q2,age70plus,20.5,18.1,18.1,12.4,19.9,12.4,14,28.2,3.5,2.9,2.4,15.5
1997:Q2,age55to69,34.2,31.8,26.1,25.2,38.2,34.7,33.2,31.6,17.2,16.5,15.1,34.9
1997:Q2,age40to54,35,36.1,36.1,36.2,34.9,40.8,40.1,29.4,43,45.1,37.7,39.9
1997:Q2,ageunder40,10.3,13.9,19.8,26.2,7.1,12.1,12.7,10.8,36.4,35.5,44.8,9.7
1997:Q3,age70plus,20,17.7,17.7,12.1,19.3,12.1,13.4,27.9,3.5,2.9,2.4,17.2
1997:Q3,age55to69,34.8,32.4,26.3,25.7,39.2,35.1,33.8,31.9,17.4,16.5,15.8,35.5
1997:Q3,age40to54,34.9,36.1,36.4,36.3,34.5,40.6,39.8,29.2,43.2,45.7,37.1,38.7
1997:Q3,ageunder40,10.4,13.9,19.6,25.9,7.1,12.2,12.9,11.1,35.9,34.9,44.8,8.6
1997:Q4,age70plus,20.3,18,18.9,12,19.4,12.1,13.3,27.8,3.8,3.2,2.5,16.9
1997:Q4,age55to69,34.6,32.3,26.4,25.7,38.8,35.1,33.7,32.1,18.1,17.8,15.7,33.7
1997:Q4,age40to54,34.8,35.9,35.9,36.7,34.6,40.6,39.7,28.7,42.3,44.3,37.2,39.9
1997:Q4,ageunder40,10.3,13.8,18.9,25.7,7.3,12.2,13.3,11.3,35.8,34.8,44.5,9.4
1998:Q1,age70plus,19.4,17.3,18.8,11.2,18.4,11.8,11.7,26.6,3.8,3.3,1.9,17.2
1998:Q1,age55to69,35.4,33.2,26.5,26.3,40.4,35.5,35.4,32.7,18.7,17.9,17.5,32.9
1998:Q1,age40to54,34.8,35.8,36.1,36.8,34,40.4,39.2,28.9,42.3,44.9,35.6,40.2
1998:Q1,ageunder40,10.4,13.8,18.6,25.8,7.2,12.4,13.6,11.7,35.2,33.9,45,9.7
1998:Q2,age70plus,19.4,17.3,19.2,10.9,18.5,11.8,11.6,26.1,3.9,3.4,2,18
1998:Q2,age55to69,35.6,33.3,26.5,26.5,40.1,35.7,35.5,33.4,19,18.3,17.5,32.6
1998:Q2,age40to54,34.7,35.7,36,37.1,34,40.2,38.8,29,42.1,44.6,35.6,40
1998:Q2,ageunder40,10.4,13.7,18.3,25.5,7.4,12.4,14.1,11.5,35,33.7,44.8,9.4
1998:Q3,age70plus,19.7,17.5,17.9,11.6,19.6,12,13.2,26.4,3.8,3.2,2.5,17.7
1998:Q3,age55to69,35.2,32.8,26.7,26.7,37.4,35.8,33.1,34.8,17.8,17.3,16.2,30.7
1998:Q3,age40to54,34.7,36,37.1,37.3,35,40.1,38.9,28.5,44.4,47.1,37.4,41.8
1998:Q3,ageunder40,10.4,13.7,18.3,24.4,8,12.1,14.8,10.3,34,32.4,44,9.7
1998:Q4,age70plus,18.5,16.5,18.8,10.5,17.4,11.2,9.8,25.1,3.8,3.3,2,17.3
1998:Q4,age55to69,36.1,33.8,26.5,26.8,40.9,35.7,37.6,33.6,18.8,18.1,17.9,31.2
1998:Q4,age40to54,35,36,36.6,37.5,34,40.9,39.1,28.8,42.6,45.3,35.3,41.5
1998:Q4,ageunder40,10.4,13.7,18,25.2,7.7,12.1,13.6,12.5,34.8,33.3,44.8,9.9
1999:Q1,age70plus,18.4,16.4,18.2,10.4,18,11.2,10,24.9,3.6,3.1,1.8,17.8
1999:Q1,age55to69,35.9,33.6,26.5,26.8,40.6,35.3,38.7,32.8,18.6,17.6,18.4,32
1999:Q1,age40to54,35.4,36.4,37.1,37.6,33.8,41.5,38.6,30,42.9,45.9,34.8,41
1999:Q1,ageunder40,10.2,13.6,18.1,25.1,7.5,12,12.7,12.3,34.9,33.4,45,9.3
1999:Q2,age70plus,18.2,16.3,18.5,10.1,17.7,11.1,9.5,24.6,3.7,3.1,1.7,18.6
1999:Q2,age55to69,36.1,33.8,26.5,26.8,41.7,35,40.5,32,19,17.8,18.8,34
1999:Q2,age40to54,35.7,36.6,37.1,37.8,33.3,42.1,38.2,31,42.1,45.1,34.3,38.6
1999:Q2,ageunder40,9.9,13.4,17.9,25.3,7.3,11.8,11.8,12.5,35.2,33.9,45.3,8.8
1999:Q3,age70plus,19.1,16.9,17.8,10.7,19.2,11.4,12.2,25.9,3.7,3,2,18.9
1999:Q3,age55to69,35.2,32.9,26.5,26.5,40.1,34.6,38.4,31,18.3,17.3,17.7,34.5
1999:Q3,age40to54,35.9,36.9,37.7,38.1,33.4,42.5,38,31.1,43.2,46.2,35.5,38.5
1999:Q3,ageunder40,9.8,13.3,17.9,24.7,7.4,11.5,11.3,12.1,34.8,33.5,44.7,8.1
1999:Q4,age70plus,18.6,16.6,18.2,9.8,18,11.2,10.8,25.9,4,3.3,1.7,20.4
1999:Q4,age55to69,36,33.7,26.4,26.7,42.6,34.4,41.4,29.6,19.2,17.7,18.8,37.1
1999:Q4,age40to54,35.5,36.5,37.7,38.2,32.4,42.8,37.2,30.1,42.5,46.1,34,35
1999:Q4,ageunder40,10,13.2,17.7,25.2,7,11.5,10.7,14.4,34.4,32.9,45.5,7.5
2000:Q1,age70plus,18.6,16.7,18,9.8,18.4,11.4,11.9,25.5,4.4,3.6,1.6,22
2000:Q1,age55to69,36,33.8,26.4,26.7,42.8,34.2,41.5,30,19.5,17.6,19,40.1
2000:Q1,age40to54,35.8,36.7,38.1,38.4,32,43.1,36.4,31.8,42.8,47.1,33.8,30.8
2000:Q1,ageunder40,9.6,12.8,17.6,25.1,6.8,11.3,10.3,12.7,33.3,31.7,45.6,7
2000:Q2,age70plus,19.5,17.4,18.1,10.1,19.9,11.9,13.9,26,4.4,3.6,1.8,21.6
2000:Q2,age55to69,35.1,32.9,26.2,26.5,41,33.8,40.3,29.5,19.2,17.6,18.3,39.2
2000:Q2,age40to54,36,37,38.2,38.6,32.1,43.3,35.8,32.5,43.2,47.2,34.5,32.5
2000:Q2,ageunder40,9.4,12.7,17.4,24.8,6.9,11,10,12,33.2,31.6,45.3,6.7
2000:Q3,age70plus,19.6,17.5,17.4,10.3,20.3,11.9,14.6,26.6,4.4,3.6,2.1,21.8
2000:Q3,age55to69,34.9,32.7,26.3,26.5,40.6,33.7,39.8,28.9,18.6,17,17.7,39.5
2000:Q3,age40to54,36,37.1,38.9,38.7,32,43.6,35.9,31.9,44.2,48.5,35.1,32.4
2000:Q3,ageunder40,9.5,12.7,17.5,24.5,7,10.7,9.7,12.6,32.9,31,45.1,6.3
2000:Q4,age70plus,20.5,18.3,18,10.9,21.8,12.2,16.1,27.1,4.3,3.6,2.6,20.5
2000:Q4,age55to69,34,31.8,26.2,26.1,38.3,33.5,38.2,29.4,18.2,17.4,16.2,37.1
2000:Q4,age40to54,36.1,37.3,38.7,39,32.5,43.9,36.2,31.3,44.1,47.4,36.8,35.9
2000:Q4,ageunder40,9.3,12.7,17.2,24.1,7.4,10.4,9.5,12.2,33.4,31.6,44.4,6.4
2001:Q1,age70plus,20.9,18.5,18.4,11.7,22.1,12.2,16.7,27.2,4.2,3.6,2.9,19.4
2001:Q1,age55to69,33.5,31.2,25.9,25.7,36.8,33.5,37.1,30.4,17.7,17.5,14.9,34.8
2001:Q1,age40to54,36.4,37.6,38.6,39.2,33.1,44.4,37.1,31,44.7,47.1,38.8,39.8
2001:Q1,ageunder40,9.2,12.6,17,23.4,8,9.8,9.2,11.3,33.4,31.8,43.4,5.9
2001:Q2,age70plus,20.2,17.9,18.3,11.5,20.6,11.8,15.2,26.5,4,3.4,2.7,19.4
2001:Q2,age55to69,34.3,32,26,25.8,38.4,33.8,38.9,31.1,17.8,17.3,15.6,35.3
2001:Q2,age40to54,36.6,37.7,38.8,39.2,32.8,44.7,37.4,31.3,44.5,46.9,38.4,39.7
2001:Q2,ageunder40,8.9,12.4,16.9,23.5,8.2,9.6,8.5,11.1,33.8,32.4,43.3,5.6
2001:Q3,age70plus,20.7,18.2,17.8,12.4,21.6,12.1,16.4,27.2,4.4,3.5,3.2,21.4
2001:Q3,age55to69,33.9,31.4,26.1,25.5,36.1,33.9,37.4,32.1,17.5,17,13.9,38.9
2001:Q3,age40to54,36.7,38,39.2,39.3,33.4,45,38,30.6,45.6,48.1,41,34.4
2001:Q3,ageunder40,8.8,12.3,16.9,22.8,8.9,9.1,8.2,10.2,32.5,31.4,41.8,5.3
2001:Q4,age70plus,20.2,17.8,18,12.3,19.6,11.8,14.3,27.5,3.9,3.1,3.4,19.9
2001:Q4,age55to69,34.7,32.2,26.4,25.9,38.6,34.6,39.1,31,17.4,17.1,14.8,36.6
2001:Q4,age40to54,36.3,37.5,38.8,38.9,33.3,44.6,38.4,29.4,44.6,46.8,39.4,38.5
2001:Q4,ageunder40,8.8,12.5,16.9,22.9,8.5,8.9,8.2,12.1,34.1,32.9,42.4,5
2002:Q1,age70plus,20.3,18,18.3,12.7,19.6,11.9,14.5,27.8,4.2,3.4,3.6,20
2002:Q1,age55to69,34.9,32.4,26.6,26,38.7,35.3,38.8,31.4,18,17.8,15.2,36.8
2002:Q1,age40to54,36,37.3,38.3,38.6,33.5,44,38.3,29.2,44.3,46.5,38.9,38.4
2002:Q1,ageunder40,8.7,12.4,16.8,22.7,8.2,8.7,8.4,11.7,33.6,32.3,42.3,4.8
2002:Q2,age70plus,21,18.5,18.5,13.8,20.5,12.5,16.1,27.6,4.4,3.6,4.5,19.5
2002:Q2,age55to69,34.8,32.3,27,25.9,37.2,35.8,36.6,32.9,18,18.4,13.9,36.4
2002:Q2,age40to54,36.2,37.4,37.8,38.3,34.1,43.5,38.5,30.7,44.4,46,40.5,39.8
2002:Q2,ageunder40,8,11.8,16.7,22,8.1,8.3,8.8,8.8,33.2,32,41.1,4.3
2002:Q3,age70plus,21.9,19.1,17.8,14.9,22.2,13.1,17.7,29,4.4,3.4,5.4,19.2
2002:Q3,age55to69,34.5,31.8,27.4,25.9,34.4,36.3,34.4,32.8,17.3,18,12.5,36.2
2002:Q3,age40to54,35.8,37.3,38,37.9,35.1,42.9,38.8,29.5,45.3,46.5,42.3,40.7
2002:Q3,ageunder40,7.9,11.9,16.8,21.2,8.3,7.8,9.2,8.7,33,32.1,39.8,3.9
2002:Q4,age70plus,21.7,18.9,17.3,15,21.4,13.2,16.9,29.6,4.4,3.3,5.5,19.2
2002:Q4,age55to69,34.9,32.2,27.8,26.3,35.5,37,35,32.1,17.4,17.9,13.5,37.6
2002:Q4,age40to54,35.3,36.9,37.9,37.5,35.1,42.2,38.8,28.4,45.3,46.9,41.2,39.5
2002:Q4,ageunder40,8.1,12,17,21.2,8,7.6,9.3,9.8,32.9,31.9,39.8,3.7
2003:Q1,age70plus,22.1,19.3,17.8,15.5,22.1,13.4,17.3,29.8,4.5,3.4,5.7,20.2
2003:Q1,age55to69,35,32.3,28,26.4,34.5,37.7,34.4,32.8,18.1,18.4,13.9,39.4
2003:Q1,age40to54,35,36.5,37.3,37.1,35.5,41.5,38.7,28.2,44.5,45.9,41.1,36.8
2003:Q1,ageunder40,7.9,11.9,16.9,20.9,7.8,7.4,9.6,9.2,33,32.3,39.3,3.5
2003:Q2,age70plus,21.8,19,17.8,15.3,21.1,13.3,16.5,29.7,4.7,3.4,5.5,23.6
2003:Q2,age55to69,35.8,33.1,28.3,26.9,36.7,38.5,35.6,33.2,19.1,18.7,15.4,45.9
2003:Q2,age40to54,34.7,36.1,37,36.6,34.9,40.8,38.2,28.1,43.4,45.7,39.4,26.8
2003:Q2,ageunder40,7.7,11.8,16.9,21.1,7.3,7.5,9.7,9.1,32.7,32.2,39.7,3.7
2003:Q3,age70plus,21.6,18.8,17.2,15.6,20.6,13.4,16.2,30,4.8,3.5,5.8,23.1
2003:Q3,age55to69,36.4,33.5,28.6,27.3,37.5,39.2,35.7,33.2,19,18.6,15.8,46
2003:Q3,age40to54,34.3,35.9,37.1,36.2,34.9,40.1,38.1,27.7,44.2,46.7,38.9,27.4
2003:Q3,ageunder40,7.8,11.8,17.1,20.9,7.1,7.3,9.9,9.1,32.1,31.3,39.5,3.6
2003:Q4,age70plus,21.3,18.6,16.9,15.4,19.7,13.3,15.4,30.5,4.6,3.4,5.7,22.3
2003:Q4,age55to69,37.1,34.2,29,27.8,39.1,40,36.8,32.5,19,18.4,17,42.3
2003:Q4,age40to54,33.8,35.5,37.2,35.7,34.5,39.3,37.6,27,44.1,46.7,37.5,30.5
2003:Q4,ageunder40,7.9,11.8,17,21,6.7,7.3,10.2,10.1,32.4,31.5,39.8,4.8
2004:Q1,age70plus,21.3,18.7,17,15.6,19.4,13.4,15.3,30.1,4.7,3.4,5.8,23.2
2004:Q1,age55to69,37.6,34.7,29.1,28.1,39.6,40.8,36.7,34.4,19.3,18.6,17.6,44.6
2004:Q1,age40to54,33.4,35,36.8,35.4,34.5,38.6,37.4,26.7,43.8,46.6,37,27.5
2004:Q1,ageunder40,7.7,11.5,17,20.9,6.6,7.1,10.5,8.8,32.2,31.4,39.6,4.7
2004:Q2,age70plus,21.1,18.5,16.3,15.8,19.4,13.5,15.1,30.3,4.8,3.4,6,24.1
2004:Q2,age55to69,37.9,34.9,29.3,28.5,39.2,41.6,36.5,34.5,19.2,18.2,18,46.6
2004:Q2,age40to54,33.2,35,37.1,35,34.9,37.9,37.4,26.6,44.5,47.8,36.5,24.8
2004:Q2,ageunder40,7.8,11.6,17.2,20.7,6.5,7,11,8.6,31.5,30.5,39.5,4.6
2004:Q3,age70plus,21.3,18.7,16.5,16.3,19.9,13.8,15.5,30.5,4.8,3.5,6.4,24.2
2004:Q3,age55to69,37.9,35,29.6,28.6,38.6,42.4,35.8,34.7,19.5,18.6,17.9,48.8
2004:Q3,age40to54,33.1,34.9,37.1,34.7,35.2,37.1,37.1,26.8,44.1,47.3,36.3,22.9
2004:Q3,ageunder40,7.6,11.4,16.8,20.4,6.4,6.7,11.7,8,31.6,30.7,39.4,4.1
2004:Q4,age70plus,21.3,18.7,16.4,15.6,20.2,13.7,15.6,30.9,4.9,3.5,6,26
2004:Q4,age55to69,38.1,35.2,29.6,29.1,39.5,42.3,36.6,34.5,20.1,19,18.8,50.7
2004:Q4,age40to54,32.7,34.4,36.9,34.5,34.3,37.1,36.7,25.2,43.7,47.2,35.9,19.3
2004:Q4,ageunder40,7.9,11.6,17,20.8,6,6.9,11.2,9.3,31.3,30.4,39.3,3.9
2005:Q1,age70plus,21.6,18.9,16.6,15.4,21.1,13.7,16.4,30.4,4.5,3.2,5.6,26.6
2005:Q1,age55to69,38.1,35.3,29.7,29.3,39.1,42.2,36.3,35.6,20.6,19.4,19.3,51.9
2005:Q1,age40to54,32.9,34.5,36.7,34.4,34.1,37.2,36.5,26.2,42.9,46,36.2,18.2
2005:Q1,ageunder40,7.5,11.4,17.1,20.9,5.8,6.8,10.8,7.8,32,31.5,38.8,3.4
2005:Q2,age70plus,21.8,19.1,17,15.1,21.6,13.7,16.7,30.4,4.5,3.2,5.4,27
2005:Q2,age55to69,38,35.4,29.8,29.4,39.1,42.2,36.4,35.9,21.4,20.5,19.7,50.9
2005:Q2,age40to54,32.8,34.3,36.3,34.4,33.8,37.3,36.3,25.8,42,44.6,36.3,18.7
2005:Q2,ageunder40,7.3,11.3,16.9,21.1,5.6,6.8,10.6,7.9,32.1,31.7,38.6,3.4
2005:Q3,age70plus,21.8,19,16.8,14.8,21.8,13.5,16.8,30.4,4.4,3.1,5.2,27.2
2005:Q3,age55to69,38.1,35.5,29.8,29.7,39.5,42.1,36.7,36,21.6,20.7,20.1,50.4
2005:Q3,age40to54,32.7,34.2,36.4,34.2,33.4,37.4,36,25.4,42,44.5,36.2,19.1
2005:Q3,ageunder40,7.4,11.3,16.9,21.3,5.4,6.9,10.5,8.2,32.1,31.6,38.6,3.3
2005:Q4,age70plus,21.9,19,16.7,14.5,22.3,13.5,17.1,30.6,4.3,3.1,5.1,26.9
2005:Q4,age55to69,38,35.4,29.9,30,39.2,42.1,36.8,35.6,21.7,21,20.4,48.3
2005:Q4,age40to54,32.6,34.1,36.4,34.1,33.2,37.5,35.8,25,42.2,44.6,36.1,21.4
2005:Q4,ageunder40,7.6,11.5,17,21.4,5.3,6.9,10.4,8.8,31.8,31.2,38.4,3.4
2006:Q1,age70plus,21.6,18.8,16.9,14.1,21.6,13.3,17.1,29.4,4.4,3.3,4.8,27.6
2006:Q1,age55to69,38.7,36.2,30.2,30.2,40.8,42.1,37.3,37.3,22.6,22,20.9,47.9
2006:Q1,age40to54,32.6,34,36.2,34.1,32.5,37.7,35.4,26,41.4,43.7,35.8,20.8
2006:Q1,ageunder40,7.1,11,16.8,21.7,5.1,7,10.2,7.3,31.6,31.1,38.5,3.7
2006:Q2,age70plus,21.6,18.7,16.7,14,22.3,13.2,17.4,28.8,4.3,3.2,4.7,27.8
2006:Q2,age55to69,38.8,36.2,30.3,30.4,39.9,42.1,37.3,38.1,22.7,22.2,21,47.1
2006:Q2,age40to54,32.8,34.2,36.1,34,32.6,37.8,35.1,26.9,41.4,43.6,36.1,21.2
2006:Q2,ageunder40,6.8,10.9,16.8,21.7,5.2,6.9,10.1,6.1,31.5,31.1,38.2,3.8
2006:Q3,age70plus,21.5,18.6,16.4,13.5,22.3,13,17.3,29.1,4.2,3.1,4.5,28.3
2006:Q3,age55to69,38.9,36.3,30.5,30.7,40.1,42,37.9,37.6,22.8,22.2,21,47.1
2006:Q3,age40to54,32.5,34,36.2,33.8,32.4,38,34.8,25.9,41.5,43.8,36,20.5
2006:Q3,ageunder40,7.1,11.1,17,21.9,5.2,7,10.1,7.4,31.5,31,38.4,4
2006:Q4,age70plus,21.2,18.4,16.3,13.1,21.6,12.7,16.9,29.4,4.3,3.1,4.4,28.7
2006:Q4,age55to69,39.1,36.5,30.8,30.9,41.1,41.9,38.7,36.5,23.3,22.6,21.3,47.4
2006:Q4,age40to54,32.4,33.8,36.1,33.7,31.9,38.3,34.5,25.2,41,43.4,35.6,19.2
2006:Q4,ageunder40,7.3,11.3,16.9,22.2,5.3,7,10,8.8,31.4,30.9,38.7,4.6
2007:Q1,age70plus,21,18.2,16.5,12.9,21.2,12.6,17,28,4.3,3.2,4.2,29.3
2007:Q1,age55to69,39.7,37.1,31.1,31,41.7,41.9,39,38.4,23.8,23.4,21.5,46.5
2007:Q1,age40to54,32.5,33.9,35.8,33.7,31.6,38.6,34.2,26.8,40.6,42.7,35.7,20
2007:Q1,ageunder40,6.8,10.8,16.7,22.4,5.4,7,9.9,6.8,31.2,30.6,38.6,4.2
2007:Q2,age70plus,20.7,18,16.5,12.5,20.9,12.3,16.7,27.4,4.4,3.2,4,30.8
2007:Q2,age55to69,40.1,37.5,31.4,31.2,42.2,41.8,39.9,38.8,24.4,23.9,21.8,48.4
2007:Q2,age40to54,32.6,33.8,35.5,33.6,31.3,38.9,33.7,27.3,40,42.2,35.4,16.8
2007:Q2,ageunder40,6.6,10.7,16.6,22.7,5.6,7,9.7,6.4,31.2,30.7,38.8,4.1
2007:Q3,age70plus,20.6,17.9,16.4,12.3,20.8,12.1,16.6,27.3,4.3,3.2,4.1,30
2007:Q3,age55to69,40.3,37.6,31.6,31.3,42.1,41.7,40.5,38.8,24.4,24.1,21.5,46.1
2007:Q3,age40to54,32.4,33.7,35.3,33.5,31.2,39.2,33.3,27.1,39.9,41.9,35.7,19.3
2007:Q3,ageunder40,6.6,10.8,16.8,22.8,5.9,7,9.6,6.8,31.4,30.8,38.7,4.6
2007:Q4,age70plus,20.9,18.1,16.7,12.5,20.9,12,16.6,27.7,4.5,3.3,4.3,29.4
2007:Q4,age55to69,40.6,37.9,31.9,31.4,41.7,42.3,40.6,39.3,24.8,24.6,21,47.6
2007:Q4,age40to54,31.9,33.3,35.2,33.6,31.6,38.7,33.4,25.1,39.7,41.6,36.2,18.4
2007:Q4,ageunder40,6.6,10.8,16.2,22.5,5.9,7,9.4,7.9,31,30.5,38.5,4.5
2008:Q1,age70plus,20.6,17.8,16.5,13,20.7,11.9,16.6,26.1,4.7,3.5,4.5,29.1
2008:Q1,age55to69,41.7,38.7,32.4,31.3,41.1,43,40.8,42.9,24.8,24.6,20.3,49.3
2008:Q1,age40to54,32,33.4,35.4,33.8,32.2,38.3,33.6,25.8,40,41.9,37.3,17.2
2008:Q1,ageunder40,5.7,10,15.6,21.9,6.1,6.8,9,5.2,30.4,30,37.9,4.4
2008:Q2,age70plus,20.4,17.6,16.3,13.2,20.7,11.8,16.8,25.3,4.9,3.8,4.7,27.6
2008:Q2,age55to69,42.4,39.2,32.8,31.4,40.9,43.5,41.2,44,24.4,24.4,20,46.4
2008:Q2,age40to54,31.8,33.5,35.5,33.8,32.4,37.9,33.3,26.8,41.5,43.3,37.6,22.2
2008:Q2,ageunder40,5.4,9.6,15.4,21.5,6.1,6.8,8.7,3.8,29.3,28.4,37.7,3.9
2008:Q3,age70plus,20.8,17.9,16.6,13.7,22,12.2,17.5,24.6,5.1,3.8,5,27.7
2008:Q3,age55to69,42.6,39.3,33.1,31.4,38.8,43.7,40.8,45.2,24.7,24.6,19.3,50.3
2008:Q3,age40to54,31.7,33.5,35.2,33.9,33,37.5,33.1,27.1,40.9,42.9,38.6,17.4
2008:Q3,ageunder40,4.8,9.4,15.1,21,6.2,6.7,8.5,3.1,29.2,28.7,37.2,4.5
2008:Q4,age70plus,22,18.7,16.9,14.8,23.3,12.5,18.4,26.4,4.8,3.9,5.5,22
2008:Q4,age55to69,42.1,38.7,33.5,31,35.7,44,40.1,43.4,24,24.9,17.9,40.7
2008:Q4,age40to54,30.8,32.9,35.1,34,34.2,37.2,33.3,24.6,41.8,42.4,40.6,32.6
2008:Q4,ageunder40,5,9.6,14.5,20.2,6.7,6.3,8.2,5.5,29.4,28.7,36,4.6
2009:Q1,age70plus,22.1,18.8,16.8,15.3,24.7,12.9,19.4,25,4.7,3.9,5.5,20.9
2009:Q1,age55to69,42.7,39.1,33.9,30.9,33.9,44.2,39.9,45,24.1,25.1,17.7,40
2009:Q1,age40to54,31.4,33.4,35.3,34,34.6,36.7,32.9,27.4,41.7,42.1,41.3,35.4
2009:Q1,ageunder40,3.7,8.7,13.9,19.7,6.8,6.1,7.9,2.6,29.5,28.9,35.6,3.7
2009:Q2,age70plus,22,18.8,16.8,15,23.1,12.6,19.3,25.9,4.8,4.2,5.1,19.7
2009:Q2,age55to69,43.1,39.5,34.2,31.2,37.2,44.7,41.5,43.7,24.3,25.1,18.6,40.2
2009:Q2,age40to54,30.7,32.9,35.2,34,33.4,36.2,31.8,26.6,42.2,42.9,40.2,35.8
2009:Q2,ageunder40,4.2,8.8,13.7,19.8,6.3,6.4,7.4,3.9,28.7,27.8,36.1,4.2
2009:Q3,age70plus,21.2,18.2,16.8,14.7,21.8,12.4,19.1,24.3,4.8,4.3,4.8,19.2
2009:Q3,age55to69,44.2,40.5,34.5,31.6,39.9,45.1,43.1,44.9,24.3,24.9,19.1,41.7
2009:Q3,age40to54,30.7,32.8,35.1,33.8,32.3,35.8,30.8,27.8,42.3,43.3,39.4,34.6
2009:Q3,ageunder40,3.9,8.5,13.6,19.9,6,6.7,7,2.9,28.6,27.6,36.7,4.5
2009:Q4,age70plus,22.2,19.1,17.3,14.6,21.8,12.4,19.1,27.8,5,4.5,4.7,18.7
2009:Q4,age55to69,43.5,40.1,34.7,31.8,40.5,45.4,43.8,41.6,24.7,25.3,19.3,43.2
2009:Q4,age40to54,29,31.4,34.8,33.8,31.9,35.3,30.3,22.4,42.1,43.2,39,33.4
2009:Q4,ageunder40,5.3,9.5,13.2,19.8,5.7,6.8,6.8,8.2,28.1,27,36.9,4.7
2010:Q1,age70plus,21.7,18.7,17.5,14.6,21.8,12.5,19.1,25.8,5.2,4.8,4.4,16.4
2010:Q1,age55to69,44.5,41,34.9,32,41.4,45.8,44.3,44.2,25,25.4,19.8,42.8
2010:Q1,age40to54,29.4,31.8,34.6,33.7,31.4,34.9,29.9,25.3,42.3,43.6,38.5,34.6
2010:Q1,ageunder40,4.4,8.6,13,19.7,5.4,6.9,6.6,4.7,27.5,26.3,37.2,6.2
2010:Q2,age70plus,22.1,19.1,17.8,15.3,23.1,12.9,19.9,25.6,5.5,5.1,4.7,16
2010:Q2,age55to69,44.5,41,35.1,31.9,40.2,46.1,42.9,45,25.2,25.6,19.3,44.2
2010:Q2,age40to54,29.2,31.7,34.4,33.7,31.5,34.3,30.4,25.7,42.7,43.9,39.3,34.1
2010:Q2,ageunder40,4.1,8.2,12.7,19.2,5.2,6.7,6.7,3.7,26.6,25.3,36.7,5.7
2010:Q3,age70plus,21.8,19,17.7,15,22.3,12.8,19.6,25.9,5.6,5.3,4.5,15.2
2010:Q3,age55to69,45,41.6,35.3,32.2,42.3,46.5,43.7,44.8,25.3,25.6,19.5,45.7
2010:Q3,age40to54,28.7,31.1,34.6,33.5,30.7,33.8,30.1,24.2,42.8,44.4,38.5,33.9
2010:Q3,ageunder40,4.5,8.3,12.5,19.2,4.7,6.9,6.6,5.1,26.3,24.7,37.5,5.2
2010:Q4,age70plus,22.3,19.5,18,14.9,21.9,12.7,19.2,28.3,5.9,5.5,4.8,17.4
2010:Q4,age55to69,44.5,41.3,35.7,32.4,42.9,46.7,44,41.9,25.7,26.1,19.8,46.3
2010:Q4,age40to54,27.7,30.2,34.1,33.2,30.3,33.6,30.1,20.8,42.1,43.9,37.9,30.8
2010:Q4,ageunder40,5.5,9.1,12.2,19.5,5,7,6.7,9,26.3,24.6,37.6,5.4
2011:Q1,age70plus,21.9,19.3,18.2,14.9,21.6,12.7,19,27.3,6.1,5.6,4.7,19.1
2011:Q1,age55to69,45.2,41.9,36.1,32.6,43.2,46.8,44,43.7,26.1,26.3,20.3,46.7
2011:Q1,age40to54,27.9,30.2,33.4,32.9,30,33.4,30.2,22.6,41.9,44,37.2,28.6
2011:Q1,ageunder40,5.1,8.6,12.2,19.6,5.2,7.1,6.8,6.5,25.9,24.1,37.8,5.5
2011:Q2,age70plus,22.4,19.7,18.8,15.1,22.1,12.9,19.2,28,6.2,5.7,4.9,19.8
2011:Q2,age55to69,45,41.9,36.6,32.7,42.6,46.9,43.3,43.7,26.5,26.9,20.6,46.4
2011:Q2,age40to54,27.4,29.7,32.5,32.6,29.9,33.1,30.5,21.7,41.3,43.3,36.9,28.4
2011:Q2,ageunder40,5.1,8.6,12.1,19.6,5.4,7.2,7,6.6,26,24.1,37.7,5.5
2011:Q3,age70plus,23.2,20.2,18.2,16,24.5,13.4,20.2,28.1,6.2,5.7,5.5,18.3
2011:Q3,age55to69,44.8,41.5,36.8,32.6,39.3,46.9,41.3,44.8,25.9,26.6,19.7,43.9
2011:Q3,age40to54,27.3,29.9,32.7,32.4,30.4,32.7,31.2,22.3,42.2,43.9,37.9,31.7
2011:Q3,ageunder40,4.8,8.3,12.3,19.1,5.8,6.9,7.3,4.8,25.7,23.7,36.9,6.2
2011:Q4,age70plus,23.6,20.7,18.4,15.8,24.3,13.5,19.7,30.3,6.2,5.8,5.4,17.7
2011:Q4,age55to69,44.2,41.2,37.1,32.9,39.9,47,41.6,42.3,26.3,27.1,20.4,43.3
2011:Q4,age40to54,26.4,29,32.3,32,30,32.5,31.3,19.1,41.5,43.4,36.8,32.1
2011:Q4,ageunder40,5.7,9.1,12.2,19.3,5.8,7.1,7.4,8.4,25.9,23.8,37.5,6.9
2012:Q1,age70plus,23.2,20.5,19,15.5,23.5,13.4,19.2,29.6,6.4,6,5.1,18.7
2012:Q1,age55to69,44.8,41.9,37.6,33.2,41.3,47.1,42,43.3,27.2,27.8,21.3,44.1
2012:Q1,age40to54,26.6,28.9,31.4,31.7,29.4,32.3,31.4,20.3,40.8,42.9,35.5,30.4
2012:Q1,ageunder40,5.4,8.7,12,19.7,5.7,7.3,7.4,6.9,25.6,23.2,38.1,6.8
2012:Q2,age70plus,23.5,20.7,19,15.9,24.6,13.7,19.5,29.4,6.4,6.1,5.4,18.2
2012:Q2,age55to69,44.8,41.9,37.7,33.3,40.2,47.1,41,44.5,27.1,27.9,21.4,43.2
2012:Q2,age40to54,26.5,28.9,31,31.3,29.4,32,31.9,20.7,40.9,43,35.4,31.5
2012:Q2,ageunder40,5.2,8.5,12.3,19.5,5.8,7.2,7.6,5.3,25.5,23,37.9,7.1
2012:Q3,age70plus,23.7,20.9,18.9,15.8,24.4,13.8,19.1,30.7,6.4,6,5.3,18.6
2012:Q3,age55to69,44.6,41.8,37.8,33.5,40.8,47.2,40.7,43.5,27.4,28,21.8,44.6
2012:Q3,age40to54,26.1,28.4,30.9,31,29,31.7,32.4,19,40.4,42.7,34.8,29.6
2012:Q3,ageunder40,5.6,8.9,12.4,19.7,5.8,7.3,7.8,6.8,25.8,23.3,38.2,7.1
2012:Q4,age70plus,24,21.3,19,16.1,24.9,13.9,19.2,31.4,6.7,6.2,5.6,18.8
2012:Q4,age55to69,44.4,41.7,37.9,33.6,40.5,47.3,39.8,43.6,27.7,28.3,21.9,45.4
2012:Q4,age40to54,25.7,28,30.7,30.7,28.7,31.4,32.9,18,40.5,43,34.5,28.3
2012:Q4,ageunder40,5.9,9,12.5,19.6,5.9,7.3,8,7.1,25.2,22.5,38,7.5
2013:Q1,age70plus,23.9,21.2,19.5,15.8,24.1,13.9,18.6,31.8,6.3,5.9,5.1,18.7
2013:Q1,age55to69,44.5,42,37.9,33.9,41.9,47.4,40,43.5,28.4,28.9,22.9,46.5
2013:Q1,age40to54,25.7,27.7,30,30.3,28.2,31.3,33.3,17.4,38.8,41.2,33.6,27.1
2013:Q1,ageunder40,5.9,9,12.6,20,5.8,7.4,8.1,7.3,26.5,24.1,38.4,7.7
2013:Q2,age70plus,23.8,21.2,19.5,15.9,24.5,14,18.3,31.4,6.3,5.9,5.2,18.1
2013:Q2,age55to69,44.6,42.2,37.8,34.1,41.7,47.4,39.3,44.9,28.6,29.1,23.5,46
2013:Q2,age40to54,26,27.9,29.9,30,27.9,31.1,34.1,18.2,38.7,41.1,33.3,27.6
2013:Q2,ageunder40,5.6,8.8,12.7,20,5.9,7.5,8.3,5.5,26.4,24,38,8.3
2013:Q3,age70plus,23.9,21.3,19.3,15.9,24.3,14,17.8,33,6.2,5.8,5.2,18.1
2013:Q3,age55to69,44.4,42,37.7,34.4,42.3,47.5,38.6,43.8,28.6,28.9,24.1,45.8
2013:Q3,age40to54,25.4,27.4,30,29.6,27.4,30.9,35,15.6,38.9,41.4,33.2,27.5
2013:Q3,ageunder40,6.3,9.3,13,20.1,6,7.5,8.5,7.5,26.2,23.8,37.4,8.6
2013:Q4,age70plus,24,21.4,19.5,15.7,24.2,14.1,18.1,33.7,6.5,6,5.1,19.6
2013:Q4,age55to69,44.5,42.2,37.6,34.6,43.5,47.9,40.4,42.2,28.6,28.9,23.9,47
2013:Q4,age40to54,24.9,26.8,29.8,29.4,26.9,30.5,33.3,14.5,38.5,41.5,32.4,24.9
2013:Q4,ageunder40,6.6,9.5,13,20.3,5.5,7.5,8.3,9.6,26.4,23.7,38.6,8.5
2014:Q1,age70plus,24.1,21.6,20.1,16,24.3,14.4,18.9,32.9,6.7,6.3,5.2,20.6
2014:Q1,age55to69,45,42.7,37.6,34.6,44.1,48.2,41.3,43.1,28.6,29.1,23.4,46.3
2014:Q1,age40to54,24.7,26.6,29.4,29.2,26.5,30,31.8,15.7,38.4,41.2,32.5,24.8
2014:Q1,ageunder40,6.2,9.1,12.9,20.2,5.1,7.4,8,8.3,26.2,23.4,38.8,8.3
2014:Q2,age70plus,24.2,21.8,20.2,16.1,24.3,14.6,19.4,33,7.1,6.5,5.4,22.8
2014:Q2,age55to69,45.2,42.9,37.5,34.7,45,48.4,42.4,42.5,28.7,29.1,23.2,47.7
2014:Q2,age40to54,24.3,26.3,29.4,29.1,26.1,29.6,30.4,15.6,38.3,41.5,32.4,21.5
2014:Q2,ageunder40,6.3,9,12.8,20.1,4.7,7.4,7.8,8.9,25.9,22.9,39,8
2014:Q3,age70plus,24.5,22.1,20.6,16.4,25.2,15,20,32.3,7.5,6.8,5.7,24.4
2014:Q3,age55to69,45.4,43,37.4,34.7,44.6,48.5,42.7,43.5,28.6,29.2,22.6,47.8
2014:Q3,age40to54,24.2,26.2,29.2,28.9,25.7,29.2,29.6,16.7,38.2,41.4,33,20.1
2014:Q3,ageunder40,5.9,8.7,12.7,20,4.5,7.3,7.7,7.5,25.7,22.6,38.8,7.7
2014:Q4,age70plus,24.9,22.5,21.2,16.4,25.3,15.3,20.3,33.3,7.7,7.1,5.8,24.9
2014:Q4,age55to69,45.3,43,37.4,34.8,45.1,48.6,43.4,42.2,28.7,29.5,22.5,46.9
2014:Q4,age40to54,23.5,25.5,28.9,28.8,25.3,28.8,28.7,14.6,37.9,41,33,20.3
2014:Q4,ageunder40,6.3,9,12.5,20,4.2,7.3,7.5,9.8,25.7,22.5,38.8,8
2015:Q1,age70plus,25.1,22.7,21.6,16.8,25.5,15.5,20.8,32.7,7.9,7.2,5.8,25.6
2015:Q1,age55to69,45.6,43.3,37.4,34.8,45.5,48.9,43.6,43,28.7,29.7,22.1,46.1
2015:Q1,age40to54,23.4,25.3,28.7,28.6,25,28.4,28.1,15.5,37.7,40.6,33.4,20.1
2015:Q1,ageunder40,6,8.7,12.4,19.8,4,7.2,7.4,8.8,25.7,22.5,38.6,8.2
2015:Q2,age70plus,25.3,23,22,17.1,26.1,15.9,21.5,32.3,8.2,7.5,6.1,26.6
2015:Q2,age55to69,45.7,43.3,37.2,34.7,45.4,49,43.8,43.4,28.7,29.9,21.7,46.1
2015:Q2,age40to54,23.3,25.3,28.6,28.5,24.7,28,27.5,16.4,37.6,40.3,33.8,19
2015:Q2,ageunder40,5.7,8.4,12.2,19.7,3.8,7.1,7.3,7.9,25.5,22.3,38.4,8.3
2015:Q3,age70plus,25.9,23.5,21.8,17.8,27.8,16.4,22.4,32.2,8.2,7.5,6.6,26.1
2015:Q3,age55to69,45.6,43.1,37.1,34.5,44.1,49.2,43.2,44.4,27.9,29.4,20.6,43.6
2015:Q3,age40to54,23,25.2,28.9,28.5,24.4,27.5,27.1,16.4,38.6,41.1,35,21.3
2015:Q3,ageunder40,5.5,8.2,12.2,19.2,3.7,6.9,7.3,7,25.4,22,37.7,9
2015:Q4,age70plus,26.3,23.8,21.9,17.8,27.9,16.6,22.7,33.6,8.3,7.7,6.4,26.3
2015:Q4,age55to69,45.4,43,37,34.7,44.6,49.3,44,42.5,27.9,29.1,21.2,43.4
2015:Q4,age40to54,22.2,24.5,29,28.3,24.1,27.1,26.3,13.8,38.7,41.5,34.5,20.5
2015:Q4,ageunder40,6.1,8.7,12.2,19.2,3.5,6.9,7.1,10.1,25.2,21.7,37.9,9.8
2016:Q1,age70plus,26.5,24.1,22.3,18,28.4,16.9,23.3,32.8,8.4,7.8,6.4,26.8
2016:Q1,age55to69,45.6,43.2,36.9,34.7,44.5,49.5,44.4,43.4,27.8,29.3,20.8,42.3
2016:Q1,age40to54,22.2,24.4,28.8,28.3,23.9,26.7,25.5,15.1,38.5,41.1,34.8,20.5
2016:Q1,ageunder40,5.7,8.3,11.9,19.1,3.2,6.9,6.8,8.7,25.2,21.7,37.9,10.3
2016:Q2,age70plus,26.6,24.2,23,18.2,28.5,17.2,23.7,32.2,8.7,8.1,6.5,28.4
2016:Q2,age55to69,45.8,43.4,36.8,34.6,44.9,49.6,44.8,44.2,28.1,29.8,20.5,42.1
2016:Q2,age40to54,22.3,24.4,28.6,28.2,23.6,26.3,24.9,16,37.8,40.2,34.9,19.1
2016:Q2,ageunder40,5.2,8,11.6,19,3,6.8,6.7,7.5,25.4,21.9,38,10.3
2016:Q3,age70plus,26.7,24.3,22.6,18.3,28.4,17.4,24,32.6,8.8,8,6.6,30.2
2016:Q3,age55to69,46,43.5,36.6,34.7,45.3,49.8,45.2,43.9,27.4,29,20.1,41.9
2016:Q3,age40to54,21.9,24.1,29.2,28,23.5,26,24.3,14.9,38.5,41.4,34.9,17.4
2016:Q3,ageunder40,5.4,8.1,11.7,18.9,2.8,6.8,6.5,8.6,25.3,21.6,38.4,10.5
2016:Q4,age70plus,27,24.6,22.4,18.3,28.4,17.7,23.9,34.1,8.7,8,6.6,29.6
2016:Q4,age55to69,45.6,43.2,36.5,34.9,45.5,49.5,45.2,42.4,27.3,28.9,20.3,41.8
2016:Q4,age40to54,21.3,23.7,29.2,27.8,23.2,26,24.3,12.6,38.8,41.7,34.9,18.4
2016:Q4,ageunder40,6,8.6,11.9,19,3,6.8,6.6,10.9,25.1,21.3,38.2,10.3
2017:Q1,age70plus,26.9,24.5,22.6,18.1,28.2,17.8,23.8,33.6,8.7,8.2,6.4,29.8
2017:Q1,age55to69,45.7,43.3,36.3,35,45.8,49.3,45.5,42.8,27.6,29.1,20.8,42
2017:Q1,age40to54,21.4,23.7,29.1,27.7,22.9,26,24.1,13.3,38.8,41.8,34.6,18.5
2017:Q1,ageunder40,6,8.5,12,19.2,3.1,6.9,6.6,10.2,24.9,21,38.3,9.7
2017:Q2,age70plus,26.9,24.5,22.3,18.2,28.2,18,23.7,33.8,8.7,8.2,6.3,29.3
2017:Q2,age55to69,45.6,43.2,36.2,35.1,46,49.2,45.3,42.8,27.7,29.1,21,42.9
2017:Q2,age40to54,21.5,23.8,29.5,27.5,22.6,25.9,24.3,13.3,38.8,41.9,34.4,18
2017:Q2,ageunder40,6.1,8.5,12,19.2,3.2,6.9,6.7,10.1,24.8,20.8,38.3,9.8
2017:Q3,age70plus,26.8,24.5,22.1,18.1,28,18.1,23.6,34.1,8.7,8.2,6.3,29.4
2017:Q3,age55to69,45.6,43.2,36,35.3,46.3,49.1,45.3,42.6,27.6,28.9,21.1,42.7
2017:Q3,age40to54,21.4,23.7,29.8,27.3,22.4,25.9,24.3,12.8,39,42.3,34.2,18.3
2017:Q3,ageunder40,6.2,8.6,12.1,19.4,3.3,6.9,6.8,10.5,24.7,20.6,38.5,9.6
2017:Q4,age70plus,26.8,24.5,21.9,17.9,27.6,18.2,23.3,34.7,8.8,8.2,6.1,29.9
2017:Q4,age55to69,45.5,43.2,35.9,35.5,46.8,48.9,45.6,41.7,27.6,28.7,21.4,44
2017:Q4,age40to54,21.2,23.5,30,27.1,22.2,25.9,24.2,11.8,39.2,42.9,33.6,16.9
2017:Q4,ageunder40,6.5,8.8,12.3,19.6,3.3,7,6.8,11.8,24.5,20.2,38.8,9.3
2018:Q1,age70plus,26.9,24.6,21.8,18.2,28.2,18.5,23.7,34,8.9,8.3,6.2,29.9
2018:Q1,age55to69,45.5,43.2,35.8,35.4,46.4,48.8,45.2,42.9,27.6,28.8,21.4,44
2018:Q1,age40to54,21.3,23.6,30.1,26.9,22,25.7,24.3,12.9,39.4,43.2,33.8,17
2018:Q1,ageunder40,6.3,8.6,12.2,19.4,3.4,6.9,6.9,10.2,24.1,19.7,38.7,9.1
2018:Q2,age70plus,26.9,24.6,21.6,18.2,28.3,18.7,23.6,34.1,8.9,8.3,6.1,29.7
2018:Q2,age55to69,45.4,43.2,35.7,35.5,46.4,48.7,45.1,43,27.6,28.7,21.6,43.9
2018:Q2,age40to54,21.3,23.6,30.5,26.8,21.9,25.6,24.3,12.6,39.5,43.5,33.5,17.2
2018:Q2,ageunder40,6.4,8.6,12.2,19.5,3.4,7,6.9,10.3,24,19.5,38.8,9.3
2018:Q3,age70plus,26.8,24.5,21.5,17.8,28,18.9,23.4,34,8.8,8.4,6,30.1
2018:Q3,age55to69,45.5,43.3,35.6,35.8,46.9,48.4,45.8,43.1,27.6,28.7,21.8,43.8
2018:Q3,age40to54,21.2,23.5,30.7,26.6,21.7,25.7,23.9,12.2,39.5,43.7,33,17.1
2018:Q3,ageunder40,6.5,8.7,12.2,19.8,3.4,7,6.8,10.6,24,19.3,39.3,9
2018:Q4,age70plus,27.9,25.4,21.3,19.1,31,19.5,24.7,34.5,8.9,8.3,6.7,28.4
2018:Q4,age55to69,44.8,42.5,35.5,35.3,44.2,48.6,43.8,43.6,27,28.3,20.5,43.5
2018:Q4,age40to54,20.9,23.5,30.8,26.6,21.4,25.2,24.5,12.3,40.4,44.3,34.5,18
2018:Q4,ageunder40,6.4,8.7,12.4,19,3.5,6.7,7,9.6,23.7,19,38.2,10
2019:Q1,age70plus,27.6,25.2,21.8,18.4,29.4,19.4,24.1,34.6,8.9,8.5,6.2,29
2019:Q1,age55to69,45,42.8,35.4,35.7,45.7,48.4,44.9,43.1,27.6,28.9,21.5,42.9
2019:Q1,age40to54,20.8,23.2,30.5,26.4,21.4,25.3,24.1,11.4,39.6,43.6,33.3,18.4
2019:Q1,ageunder40,6.6,8.8,12.2,19.5,3.5,6.9,7,10.9,23.8,18.9,39,9.7
2019:Q2,age70plus,27.6,25.2,21.7,18.3,29.3,19.5,23.9,34.9,9,8.6,6.1,28.7
2019:Q2,age55to69,45,42.9,35.5,35.8,46,48.3,45,42.9,27.8,29.1,21.7,43.7
2019:Q2,age40to54,20.7,23.1,30.7,26.2,21.3,25.2,24.1,10.8,39.4,43.6,33,17.6
2019:Q2,ageunder40,6.7,8.8,12.1,19.7,3.5,6.9,7,11.4,23.8,18.8,39.2,10.1
