pop,age,lx
AL,0,100000
AL,1,99333
AL,2,99275
AL,3,99213
AL,4,99182
AL,5,99157
AL,6,99138
AL,7,99120
AL,8,99096
AL,9,99081
AL,10,99061
AL,11,99052
AL,12,99031
AL,13,99022
AL,14,98997
AL,15,98958
AL,16,98933
AL,17,98884
AL,18,98817
AL,19,98734
AL,20,98630
AL,21,98509
AL,22,98374
AL,23,98235
AL,24,98092
AL,25,97905
AL,26,97719
AL,27,97544
AL,28,97389
AL,29,97188
AL,30,96950
AL,31,96728
AL,32,96505
AL,33,96229
AL,34,95972
AL,35,95706
AL,36,95453
AL,37,95159
AL,38,94853
AL,39,94536
AL,40,94213
AL,41,93865
AL,42,93478
AL,43,93081
AL,44,92669
AL,45,92258
AL,46,91787
AL,47,91326
AL,48,90817
AL,49,90257
AL,50,89699
AL,51,89116
AL,52,88475
AL,53,87867
AL,54,87128
AL,55,86389
AL,56,85607
AL,57,84803
AL,58,83876
AL,59,82838
AL,60,81762
AL,61,80685
AL,62,79459
AL,63,78132
AL,64,76813
AL,65,75412
AL,66,73993
AL,67,72470
AL,68,70948
AL,69,69371
AL,70,67692
AL,71,65868
AL,72,64039
AL,73,62098
AL,74,60143
AL,75,57970
AL,76,55618
AL,77,53400
AL,78,50937
AL,79,48328
AL,80,45465
AL,81,42714
AL,82,39895
AL,83,36892
AL,84,33948
AL,85,30958
AL,86,28034
AL,87,25150
AL,88,22168
AL,89,19383
AL,90,16583
AL,91,14008
AL,92,11469
AL,93,9194
AL,94,7266
AL,95,5609
AL,96,4263
AL,97,3160
AL,98,2281
AL,99,1602
AL,100,1093
AK,0,100000
AK,1,99339
AK,2,99318
AK,3,99275
AK,4,99222
AK,5,99211
AK,6,99161
AK,7,99152
AK,8,99142
AK,9,99122
AK,10,99093
AK,11,99093
AK,12,99083
AK,13,99074
AK,14,99035
AK,15,98985
AK,16,98936
AK,17,98844
AK,18,98782
AK,19,98666
AK,20,98419
AK,21,98293
AK,22,98144
AK,23,98009
AK,24,97818
AK,25,97649
AK,26,97482
AK,27,97299
AK,28,97155
AK,29,96953
AK,30,96767
AK,31,96514
AK,32,96249
AK,33,95910
AK,34,95622
AK,35,95320
AK,36,95026
AK,37,94701
AK,38,94465
AK,39,94155
AK,40,93841
AK,41,93449
AK,42,93191
AK,43,92891
AK,44,92567
AK,45,92348
AK,46,92023
AK,47,91744
AK,48,91371
AK,49,90669
AK,50,90321
AK,51,89820
AK,52,89366
AK,53,88891
AK,54,88385
AK,55,87628
AK,56,87147
AK,57,86562
AK,58,85681
AK,59,84804
AK,60,83864
AK,61,82996
AK,62,81880
AK,63,80969
AK,64,79994
AK,65,78931
AK,66,77639
AK,67,76576
AK,68,75294
AK,69,73850
AK,70,72566
AK,71,71042
AK,72,69613
AK,73,68204
AK,74,66462
AK,75,64597
AK,76,62290
AK,77,60156
AK,78,58046
AK,79,55847
AK,80,53313
AK,81,50765
AK,82,48037
AK,83,45136
AK,84,42079
AK,85,38887
AK,86,35587
AK,87,32215
AK,88,28814
AK,89,25431
AK,90,22118
AK,91,18930
AK,92,15918
AK,93,13131
AK,94,10609
AK,95,8380
AK,96,6462
AK,97,4856
AK,98,3551
AK,99,2522
AK,100,1738
AZ,0,100000
AZ,1,99379
AZ,2,99323
AZ,3,99294
AZ,4,99266
AZ,5,99246
AZ,6,99234
AZ,7,99225
AZ,8,99209
AZ,9,99199
AZ,10,99188
AZ,11,99176
AZ,12,99166
AZ,13,99156
AZ,14,99136
AZ,15,99110
AZ,16,99075
AZ,17,99021
AZ,18,98941
AZ,19,98851
AZ,20,98743
AZ,21,98625
AZ,22,98511
AZ,23,98399
AZ,24,98271
AZ,25,98148
AZ,26,98000
AZ,27,97841
AZ,28,97689
AZ,29,97537
AZ,30,97336
AZ,31,97112
AZ,32,96896
AZ,33,96664
AZ,34,96437
AZ,35,96216
AZ,36,95969
AZ,37,95702
AZ,38,95433
AZ,39,95154
AZ,40,94865
AZ,41,94582
AZ,42,94285
AZ,43,93982
AZ,44,93650
AZ,45,93321
AZ,46,92965
AZ,47,92607
AZ,48,92211
AZ,49,91817
AZ,50,91399
AZ,51,90923
AZ,52,90441
AZ,53,89920
AZ,54,89383
AZ,55,88845
AZ,56,88181
AZ,57,87471
AZ,58,86743
AZ,59,86013
AZ,60,85173
AZ,61,84320
AZ,62,83444
AZ,63,82467
AZ,64,81441
AZ,65,80313
AZ,66,79210
AZ,67,78029
AZ,68,76898
AZ,69,75614
AZ,70,74201
AZ,71,72713
AZ,72,71234
AZ,73,69611
AZ,74,67886
AZ,75,66169
AZ,76,64172
AZ,77,62310
AZ,78,60146
AZ,79,57915
AZ,80,55439
AZ,81,52853
AZ,82,50178
AZ,83,47458
AZ,84,44435
AZ,85,41292
AZ,86,38195
AZ,87,34992
AZ,88,31638
AZ,89,28311
AZ,90,24784
AZ,91,21468
AZ,92,18341
AZ,93,15254
AZ,94,12317
AZ,95,9764
AZ,96,7597
AZ,97,5757
AZ,98,4240
AZ,99,3031
AZ,100,2099
AR,0,100000
AR,1,99245
AR,2,99183
AR,3,99145
AR,4,99102
AR,5,99081
AR,6,99040
AR,7,99017
AR,8,99009
AR,9,98999
AR,10,98984
AR,11,98971
AR,12,98949
AR,13,98929
AR,14,98898
AR,15,98861
AR,16,98805
AR,17,98752
AR,18,98676
AR,19,98545
AR,20,98436
AR,21,98313
AR,22,98172
AR,23,98068
AR,24,97929
AR,25,97774
AR,26,97633
AR,27,97520
AR,28,97338
AR,29,97216
AR,30,97042
AR,31,96871
AR,32,96686
AR,33,96482
AR,34,96242
AR,35,96020
AR,36,95793
AR,37,95516
AR,38,95247
AR,39,94966
AR,40,94671
AR,41,94342
AR,42,93959
AR,43,93616
AR,44,93265
AR,45,92815
AR,46,92369
AR,47,91926
AR,48,91479
AR,49,90980
AR,50,90375
AR,51,89761
AR,52,89122
AR,53,88450
AR,54,87723
AR,55,86964
AR,56,86208
AR,57,85349
AR,58,84357
AR,59,83334
AR,60,82315
AR,61,81110
AR,62,79882
AR,63,78613
AR,64,77247
AR,65,75747
AR,66,74247
AR,67,72756
AR,68,71064
AR,69,69295
AR,70,67653
AR,71,65811
AR,72,63972
AR,73,61963
AR,74,59853
AR,75,57751
AR,76,55394
AR,77,53043
AR,78,50332
AR,79,47577
AR,80,44754
AR,81,41864
AR,82,38958
AR,83,36146
AR,84,33059
AR,85,30223
AR,86,27240
AR,87,24488
AR,88,21797
AR,89,18899
AR,90,16094
AR,91,13524
AR,92,11125
AR,93,8966
AR,94,7123
AR,95,5568
AR,96,4255
AR,97,3175
AR,98,2311
AR,99,1638
AR,100,1129
CA,0,100000
CA,1,99597
CA,2,99561
CA,3,99544
CA,4,99528
CA,5,99518
CA,6,99507
CA,7,99499
CA,8,99493
CA,9,99482
CA,10,99471
CA,11,99462
CA,12,99454
CA,13,99442
CA,14,99428
CA,15,99410
CA,16,99384
CA,17,99353
CA,18,99311
CA,19,99251
CA,20,99190
CA,21,99114
CA,22,99037
CA,23,98943
CA,24,98852
CA,25,98752
CA,26,98642
CA,27,98531
CA,28,98409
CA,29,98284
CA,30,98147
CA,31,98010
CA,32,97869
CA,33,97723
CA,34,97555
CA,35,97401
CA,36,97246
CA,37,97076
CA,38,96905
CA,39,96739
CA,40,96549
CA,41,96350
CA,42,96141
CA,43,95926
CA,44,95707
CA,45,95473
CA,46,95207
CA,47,94960
CA,48,94672
CA,49,94382
CA,50,94061
CA,51,93730
CA,52,93370
CA,53,92975
CA,54,92554
CA,55,92099
CA,56,91611
CA,57,91083
CA,58,90506
CA,59,89904
CA,60,89230
CA,61,88487
CA,62,87696
CA,63,86879
CA,64,85989
CA,65,85036
CA,66,84030
CA,67,82964
CA,68,81841
CA,69,80652
CA,70,79405
CA,71,78091
CA,72,76680
CA,73,75167
CA,74,73559
CA,75,71856
CA,76,69914
CA,77,68044
CA,78,65907
CA,79,63600
CA,80,61103
CA,81,58438
CA,82,55623
CA,83,52656
CA,84,49483
CA,85,46167
CA,86,42656
CA,87,39044
CA,88,35334
CA,89,31613
CA,90,27822
CA,91,24121
CA,92,20540
CA,93,17112
CA,94,14027
CA,95,11205
CA,96,8790
CA,97,6722
CA,98,5002
CA,99,3615
CA,100,2534
CO,0,100000
CO,1,99542
CO,2,99509
CO,3,99484
CO,4,99468
CO,5,99456
CO,6,99438
CO,7,99418
CO,8,99408
CO,9,99395
CO,10,99392
CO,11,99376
CO,12,99359
CO,13,99337
CO,14,99311
CO,15,99280
CO,16,99242
CO,17,99183
CO,18,99119
CO,19,99041
CO,20,98918
CO,21,98823
CO,22,98700
CO,23,98580
CO,24,98457
CO,25,98343
CO,26,98222
CO,27,98085
CO,28,97942
CO,29,97792
CO,30,97639
CO,31,97492
CO,32,97330
CO,33,97153
CO,34,96963
CO,35,96757
CO,36,96574
CO,37,96361
CO,38,96157
CO,39,95948
CO,40,95743
CO,41,95551
CO,42,95310
CO,43,95082
CO,44,94827
CO,45,94546
CO,46,94268
CO,47,94002
CO,48,93704
CO,49,93377
CO,50,93014
CO,51,92653
CO,52,92298
CO,53,91896
CO,54,91471
CO,55,90987
CO,56,90427
CO,57,89884
CO,58,89317
CO,59,88637
CO,60,87930
CO,61,87230
CO,62,86437
CO,63,85614
CO,64,84771
CO,65,83856
CO,66,82825
CO,67,81839
CO,68,80685
CO,69,79510
CO,70,78293
CO,71,76999
CO,72,75658
CO,73,74178
CO,74,72605
CO,75,70893
CO,76,68960
CO,77,67041
CO,78,64792
CO,79,62456
CO,80,59821
CO,81,57082
CO,82,54106
CO,83,50836
CO,84,47490
CO,85,43835
CO,86,40236
CO,87,36421
CO,88,32544
CO,89,28647
CO,90,24729
CO,91,20961
CO,92,17588
CO,93,14412
CO,94,11458
CO,95,8869
CO,96,6724
CO,97,4954
CO,98,3540
CO,99,2450
CO,100,1640
CT,0,100000
CT,1,99565
CT,2,99539
CT,3,99526
CT,4,99518
CT,5,99499
CT,6,99478
CT,7,99473
CT,8,99455
CT,9,99443
CT,10,99435
CT,11,99425
CT,12,99418
CT,13,99409
CT,14,99402
CT,15,99386
CT,16,99365
CT,17,99320
CT,18,99263
CT,19,99227
CT,20,99179
CT,21,99109
CT,22,99049
CT,23,98980
CT,24,98884
CT,25,98803
CT,26,98685
CT,27,98580
CT,28,98485
CT,29,98343
CT,30,98206
CT,31,98096
CT,32,97944
CT,33,97785
CT,34,97617
CT,35,97405
CT,36,97211
CT,37,96989
CT,38,96801
CT,39,96607
CT,40,96383
CT,41,96167
CT,42,95952
CT,43,95670
CT,44,95465
CT,45,95197
CT,46,94976
CT,47,94700
CT,48,94452
CT,49,94194
CT,50,93895
CT,51,93558
CT,52,93185
CT,53,92795
CT,54,92370
CT,55,91906
CT,56,91468
CT,57,90913
CT,58,90304
CT,59,89709
CT,60,89075
CT,61,88358
CT,62,87630
CT,63,86877
CT,64,86060
CT,65,85160
CT,66,84234
CT,67,83216
CT,68,82226
CT,69,81030
CT,70,79827
CT,71,78527
CT,72,77160
CT,73,75757
CT,74,74171
CT,75,72540
CT,76,70538
CT,77,68579
CT,78,66529
CT,79,64319
CT,80,61721
CT,81,59068
CT,82,56278
CT,83,53107
CT,84,49810
CT,85,46411
CT,86,42689
CT,87,38805
CT,88,35041
CT,89,31158
CT,90,27068
CT,91,23205
CT,92,19538
CT,93,16281
CT,94,13244
CT,95,10290
CT,96,7925
CT,97,5933
CT,98,4311
CT,99,3034
CT,100,2065
DC,0,100000
DC,1,99536
DC,2,99474
DC,3,99410
DC,4,99384
DC,5,99358
DC,6,99345
DC,7,99345
DC,8,99332
DC,9,99319
DC,10,99305
DC,11,99291
DC,12,99291
DC,13,99275
DC,14,99259
DC,15,99225
DC,16,99105
DC,17,99014
DC,18,98941
DC,19,98871
DC,20,98793
DC,21,98652
DC,22,98570
DC,23,98466
DC,24,98392
DC,25,98264
DC,26,98188
DC,27,98074
DC,28,97984
DC,29,97884
DC,30,97760
DC,31,97671
DC,32,97526
DC,33,97348
DC,34,97197
DC,35,97088
DC,36,96932
DC,37,96798
DC,38,96629
DC,39,96436
DC,40,96201
DC,41,95964
DC,42,95687
DC,43,95452
DC,44,95109
DC,45,94788
DC,46,94527
DC,47,94085
DC,48,93681
DC,49,93224
DC,50,92875
DC,51,92384
DC,52,91965
DC,53,91368
DC,54,90810
DC,55,90078
DC,56,89312
DC,57,88226
DC,58,87213
DC,59,86191
DC,60,84982
DC,61,84036
DC,62,82776
DC,63,81020
DC,64,79779
DC,65,78447
DC,66,76986
DC,67,75225
DC,68,73612
DC,69,72110
DC,70,70483
DC,71,68814
DC,72,67117
DC,73,65380
DC,74,63321
DC,75,61658
DC,76,59950
DC,77,57995
DC,78,55726
DC,79,53662
DC,80,51382
DC,81,49327
DC,82,47141
DC,83,44828
DC,84,42394
DC,85,39849
DC,86,37207
DC,87,34485
DC,88,31705
DC,89,28891
DC,90,26072
DC,91,23281
DC,92,20548
DC,93,17910
DC,94,15399
DC,95,13045
DC,96,10876
DC,97,8914
DC,98,7172
DC,99,5659
DC,100,4372
DE,0,100000
DE,1,99275
DE,2,99219
DE,3,99164
DE,4,99137
DE,5,99119
DE,6,99110
DE,7,99085
DE,8,99068
DE,9,99068
DE,10,99051
DE,11,99051
DE,12,99051
DE,13,99051
DE,14,99027
DE,15,98996
DE,16,98972
DE,17,98925
DE,18,98861
DE,19,98774
DE,20,98692
DE,21,98565
DE,22,98431
DE,23,98314
DE,24,98187
DE,25,98070
DE,26,97909
DE,27,97792
DE,28,97590
DE,29,97440
DE,30,97250
DE,31,97087
DE,32,96868
DE,33,96707
DE,34,96447
DE,35,96215
DE,36,96038
DE,37,95822
DE,38,95603
DE,39,95253
DE,40,94958
DE,41,94555
DE,42,94301
DE,43,93945
DE,44,93678
DE,45,93313
DE,46,92976
DE,47,92533
DE,48,92051
DE,49,91693
DE,50,91239
DE,51,90729
DE,52,90221
DE,53,89702
DE,54,89093
DE,55,88452
DE,56,87744
DE,57,86987
DE,58,86248
DE,59,85599
DE,60,84846
DE,61,84040
DE,62,83263
DE,63,82291
DE,64,81164
DE,65,80078
DE,66,78994
DE,67,77819
DE,68,76688
DE,69,75432
DE,70,74093
DE,71,72505
DE,72,71052
DE,73,69414
DE,74,67707
DE,75,65812
DE,76,63755
DE,77,61895
DE,78,59498
DE,79,56932
DE,80,54337
DE,81,51502
DE,82,48320
DE,83,45303
DE,84,42113
DE,85,38593
DE,86,35014
DE,87,31779
DE,88,28124
DE,89,24611
DE,90,21546
DE,91,18363
DE,92,15364
DE,93,12608
DE,94,10131
DE,95,7958
DE,96,6101
DE,97,4558
DE,98,3312
DE,99,2338
DE,100,1601
FL,0,100000
FL,1,99392
FL,2,99346
FL,3,99317
FL,4,99290
FL,5,99274
FL,6,99256
FL,7,99243
FL,8,99233
FL,9,99224
FL,10,99213
FL,11,99200
FL,12,99185
FL,13,99169
FL,14,99152
FL,15,99131
FL,16,99102
FL,17,99070
FL,18,99013
FL,19,98930
FL,20,98845
FL,21,98754
FL,22,98656
FL,23,98550
FL,24,98443
FL,25,98325
FL,26,98202
FL,27,98050
FL,28,97900
FL,29,97749
FL,30,97592
FL,31,97427
FL,32,97253
FL,33,97069
FL,34,96880
FL,35,96669
FL,36,96470
FL,37,96254
FL,38,96028
FL,39,95792
FL,40,95554
FL,41,95301
FL,42,95033
FL,43,94745
FL,44,94482
FL,45,94189
FL,46,93884
FL,47,93575
FL,48,93223
FL,49,92880
FL,50,92510
FL,51,92123
FL,52,91693
FL,53,91223
FL,54,90730
FL,55,90201
FL,56,89631
FL,57,89022
FL,58,88349
FL,59,87633
FL,60,86849
FL,61,86059
FL,62,85161
FL,63,84210
FL,64,83208
FL,65,82158
FL,66,81045
FL,67,79907
FL,68,78744
FL,69,77509
FL,70,76219
FL,71,74875
FL,72,73447
FL,73,71939
FL,74,70355
FL,75,68637
FL,76,66761
FL,77,64904
FL,78,62867
FL,79,60662
FL,80,58320
FL,81,55860
FL,82,53307
FL,83,50504
FL,84,47617
FL,85,44599
FL,86,41554
FL,87,38257
FL,88,34840
FL,89,31365
FL,90,27899
FL,91,24363
FL,92,20886
FL,93,17568
FL,94,14405
FL,95,11679
FL,96,9264
FL,97,7167
FL,98,5397
FL,99,3950
FL,100,2804
GA,0,100000
GA,1,99284
GA,2,99232
GA,3,99206
GA,4,99183
GA,5,99160
GA,6,99143
GA,7,99126
GA,8,99114
GA,9,99101
GA,10,99090
GA,11,99074
GA,12,99064
GA,13,99043
GA,14,99026
GA,15,99001
GA,16,98959
GA,17,98902
GA,18,98823
GA,19,98739
GA,20,98644
GA,21,98536
GA,22,98411
GA,23,98280
GA,24,98145
GA,25,98007
GA,26,97887
GA,27,97725
GA,28,97552
GA,29,97401
GA,30,97232
GA,31,97044
GA,32,96845
GA,33,96661
GA,34,96465
GA,35,96252
GA,36,96019
GA,37,95779
GA,38,95528
GA,39,95295
GA,40,95030
GA,41,94770
GA,42,94489
GA,43,94198
GA,44,93908
GA,45,93575
GA,46,93256
GA,47,92957
GA,48,92573
GA,49,92186
GA,50,91757
GA,51,91314
GA,52,90819
GA,53,90287
GA,54,89743
GA,55,89146
GA,56,88511
GA,57,87815
GA,58,87045
GA,59,86152
GA,60,85285
GA,61,84340
GA,62,83259
GA,63,82146
GA,64,80971
GA,65,79766
GA,66,78458
GA,67,77121
GA,68,75709
GA,69,74205
GA,70,72624
GA,71,70946
GA,72,69282
GA,73,67391
GA,74,65414
GA,75,63333
GA,76,61046
GA,77,58937
GA,78,56568
GA,79,53923
GA,80,51117
GA,81,48312
GA,82,45311
GA,83,42155
GA,84,38880
GA,85,35609
GA,86,32333
GA,87,28978
GA,88,25722
GA,89,22621
GA,90,19478
GA,91,16481
GA,92,13718
GA,93,11176
GA,94,8953
GA,95,6958
GA,96,5311
GA,97,3952
GA,98,2863
GA,99,2016
GA,100,1378
HI,0,100000
HI,1,99437
HI,2,99373
HI,3,99335
HI,4,99292
HI,5,99286
HI,6,99257
HI,7,99257
HI,8,99251
HI,9,99245
HI,10,99234
HI,11,99228
HI,12,99211
HI,13,99193
HI,14,99163
HI,15,99115
HI,16,99066
HI,17,99059
HI,18,99015
HI,19,98969
HI,20,98916
HI,21,98861
HI,22,98798
HI,23,98748
HI,24,98675
HI,25,98608
HI,26,98530
HI,27,98377
HI,28,98312
HI,29,98259
HI,30,98196
HI,31,98116
HI,32,97974
HI,33,97896
HI,34,97752
HI,35,97612
HI,36,97499
HI,37,97390
HI,38,97261
HI,39,97098
HI,40,96946
HI,41,96734
HI,42,96543
HI,43,96328
HI,44,96100
HI,45,95870
HI,46,95612
HI,47,95320
HI,48,95003
HI,49,94690
HI,50,94375
HI,51,94004
HI,52,93520
HI,53,93153
HI,54,92574
HI,55,92039
HI,56,91478
HI,57,90839
HI,58,90240
HI,59,89538
HI,60,88966
HI,61,88252
HI,62,87419
HI,63,86643
HI,64,85769
HI,65,84882
HI,66,83912
HI,67,82798
HI,68,81793
HI,69,80736
HI,70,79550
HI,71,78344
HI,72,77138
HI,73,75810
HI,74,74280
HI,75,72852
HI,76,70987
HI,77,69335
HI,78,67534
HI,79,65371
HI,80,63244
HI,81,60785
HI,82,58412
HI,83,56031
HI,84,53335
HI,85,50242
HI,86,47452
HI,87,44673
HI,88,41418
HI,89,38170
HI,90,34698
HI,91,31271
HI,92,27762
HI,93,24085
HI,94,20627
HI,95,17276
HI,96,14196
HI,97,11404
HI,98,8940
HI,99,6825
HI,100,5065
ID,0,100000
ID,1,99474
ID,2,99434
ID,3,99421
ID,4,99408
ID,5,99404
ID,6,99392
ID,7,99388
ID,8,99373
ID,9,99369
ID,10,99358
ID,11,99354
ID,12,99335
ID,13,99314
ID,14,99293
ID,15,99242
ID,16,99191
ID,17,99142
ID,18,99118
ID,19,99078
ID,20,99004
ID,21,98909
ID,22,98835
ID,23,98748
ID,24,98639
ID,25,98528
ID,26,98418
ID,27,98287
ID,28,98155
ID,29,97985
ID,30,97899
ID,31,97765
ID,32,97628
ID,33,97506
ID,34,97321
ID,35,97149
ID,36,96998
ID,37,96860
ID,38,96715
ID,39,96547
ID,40,96341
ID,41,96151
ID,42,95919
ID,43,95728
ID,44,95517
ID,45,95311
ID,46,95018
ID,47,94758
ID,48,94466
ID,49,94159
ID,50,93791
ID,51,93452
ID,52,93086
ID,53,92614
ID,54,92182
ID,55,91696
ID,56,91136
ID,57,90593
ID,58,89962
ID,59,89321
ID,60,88640
ID,61,87856
ID,62,87135
ID,63,86293
ID,64,85292
ID,65,84379
ID,66,83386
ID,67,82331
ID,68,81182
ID,69,79956
ID,70,78724
ID,71,77308
ID,72,75725
ID,73,74199
ID,74,72424
ID,75,70606
ID,76,68384
ID,77,66108
ID,78,63527
ID,79,60911
ID,80,58261
ID,81,55276
ID,82,52017
ID,83,49033
ID,84,45148
ID,85,41460
ID,86,37396
ID,87,33681
ID,88,29732
ID,89,25793
ID,90,22213
ID,91,18567
ID,92,15278
ID,93,12348
ID,94,9573
ID,95,7296
ID,96,5403
ID,97,3880
ID,98,2698
ID,99,1813
ID,100,1177
IL,0,100000
IL,1,99449
IL,2,99405
IL,3,99379
IL,4,99354
IL,5,99342
IL,6,99331
IL,7,99318
IL,8,99306
IL,9,99292
IL,10,99285
IL,11,99280
IL,12,99266
IL,13,99251
IL,14,99231
IL,15,99203
IL,16,99167
IL,17,99129
IL,18,99068
IL,19,98982
IL,20,98903
IL,21,98805
IL,22,98713
IL,23,98612
IL,24,98507
IL,25,98397
IL,26,98288
IL,27,98161
IL,28,98024
IL,29,97889
IL,30,97739
IL,31,97566
IL,32,97405
IL,33,97231
IL,34,97046
IL,35,96876
IL,36,96695
IL,37,96521
IL,38,96312
IL,39,96100
IL,40,95883
IL,41,95655
IL,42,95424
IL,43,95187
IL,44,94928
IL,45,94687
IL,46,94410
IL,47,94109
IL,48,93770
IL,49,93422
IL,50,93040
IL,51,92643
IL,52,92188
IL,53,91735
IL,54,91283
IL,55,90761
IL,56,90156
IL,57,89559
IL,58,88879
IL,59,88130
IL,60,87334
IL,61,86468
IL,62,85559
IL,63,84597
IL,64,83550
IL,65,82422
IL,66,81226
IL,67,80033
IL,68,78748
IL,69,77386
IL,70,75972
IL,71,74462
IL,72,72839
IL,73,71104
IL,74,69281
IL,75,67385
IL,76,65248
IL,77,63142
IL,78,60851
IL,79,58298
IL,80,55517
IL,81,52674
IL,82,49828
IL,83,46800
IL,84,43514
IL,85,40219
IL,86,36937
IL,87,33443
IL,88,29979
IL,89,26594
IL,90,23144
IL,91,19911
IL,92,16756
IL,93,13808
IL,94,11148
IL,95,8802
IL,96,6800
IL,97,5120
IL,98,3751
IL,99,2669
IL,100,1843
IN,0,100000
IN,1,99278
IN,2,99219
IN,3,99182
IN,4,99154
IN,5,99135
IN,6,99115
IN,7,99101
IN,8,99089
IN,9,99076
IN,10,99063
IN,11,99050
IN,12,99033
IN,13,99015
IN,14,98993
IN,15,98966
IN,16,98932
IN,17,98874
IN,18,98809
IN,19,98711
IN,20,98616
IN,21,98517
IN,22,98424
IN,23,98307
IN,24,98180
IN,25,98063
IN,26,97920
IN,27,97761
IN,28,97590
IN,29,97438
IN,30,97229
IN,31,97038
IN,32,96853
IN,33,96605
IN,34,96373
IN,35,96148
IN,36,95908
IN,37,95672
IN,38,95437
IN,39,95162
IN,40,94900
IN,41,94633
IN,42,94351
IN,43,94020
IN,44,93663
IN,45,93321
IN,46,92941
IN,47,92550
IN,48,92108
IN,49,91646
IN,50,91153
IN,51,90686
IN,52,90148
IN,53,89595
IN,54,89013
IN,55,88408
IN,56,87691
IN,57,86964
IN,58,86130
IN,59,85239
IN,60,84338
IN,61,83284
IN,62,82170
IN,63,81042
IN,64,79826
IN,65,78578
IN,66,77256
IN,67,75807
IN,68,74386
IN,69,72823
IN,70,71260
IN,71,69597
IN,72,67831
IN,73,65928
IN,74,63873
IN,75,61856
IN,76,59450
IN,77,57100
IN,78,54413
IN,79,51819
IN,80,48935
IN,81,46062
IN,82,43062
IN,83,40019
IN,84,36943
IN,85,33763
IN,86,30584
IN,87,27468
IN,88,24268
IN,89,21266
IN,90,18402
IN,91,15501
IN,92,12937
IN,93,10428
IN,94,8202
IN,95,6404
IN,96,4866
IN,97,3604
IN,98,2597
IN,99,1819
IN,100,1237
IA,0,100000
IA,1,99474
IA,2,99434
IA,3,99394
IA,4,99370
IA,5,99357
IA,6,99350
IA,7,99338
IA,8,99311
IA,9,99299
IA,10,99289
IA,11,99267
IA,12,99260
IA,13,99241
IA,14,99223
IA,15,99194
IA,16,99154
IA,17,99120
IA,18,99076
IA,19,99015
IA,20,98952
IA,21,98888
IA,22,98821
IA,23,98755
IA,24,98671
IA,25,98597
IA,26,98511
IA,27,98414
IA,28,98332
IA,29,98241
IA,30,98122
IA,31,97990
IA,32,97860
IA,33,97740
IA,34,97583
IA,35,97406
IA,36,97248
IA,37,97133
IA,38,96963
IA,39,96783
IA,40,96612
IA,41,96411
IA,42,96180
IA,43,95960
IA,44,95728
IA,45,95467
IA,46,95194
IA,47,94883
IA,48,94594
IA,49,94251
IA,50,93808
IA,51,93380
IA,52,92955
IA,53,92454
IA,54,91963
IA,55,91400
IA,56,90794
IA,57,90207
IA,58,89574
IA,59,88863
IA,60,87990
IA,61,87124
IA,62,86185
IA,63,85197
IA,64,84196
IA,65,83139
IA,66,81909
IA,67,80701
IA,68,79476
IA,69,78150
IA,70,76774
IA,71,75167
IA,72,73554
IA,73,71839
IA,74,69936
IA,75,67919
IA,76,65626
IA,77,63396
IA,78,60997
IA,79,58298
IA,80,55550
IA,81,52632
IA,82,49363
IA,83,46030
IA,84,42866
IA,85,39358
IA,86,36068
IA,87,32668
IA,88,29128
IA,89,25602
IA,90,22209
IA,91,18930
IA,92,15862
IA,93,13002
IA,94,10449
IA,95,8177
IA,96,6288
IA,97,4713
IA,98,3438
IA,99,2437
IA,100,1676
KS,0,100000
KS,1,99401
KS,2,99349
KS,3,99332
KS,4,99307
KS,5,99294
KS,6,99278
KS,7,99270
KS,8,99263
KS,9,99250
KS,10,99225
KS,11,99192
KS,12,99182
KS,13,99160
KS,14,99141
KS,15,99116
KS,16,99078
KS,17,99026
KS,18,98951
KS,19,98864
KS,20,98766
KS,21,98669
KS,22,98578
KS,23,98488
KS,24,98353
KS,25,98243
KS,26,98113
KS,27,98001
KS,28,97855
KS,29,97710
KS,30,97561
KS,31,97364
KS,32,97210
KS,33,96957
KS,34,96755
KS,35,96612
KS,36,96408
KS,37,96239
KS,38,95985
KS,39,95714
KS,40,95464
KS,41,95217
KS,42,94971
KS,43,94653
KS,44,94323
KS,45,94008
KS,46,93669
KS,47,93275
KS,48,92934
KS,49,92633
KS,50,92237
KS,51,91873
KS,52,91414
KS,53,90967
KS,54,90409
KS,55,89796
KS,56,89177
KS,57,88461
KS,58,87763
KS,59,86913
KS,60,86099
KS,61,85153
KS,62,84202
KS,63,83102
KS,64,81865
KS,65,80700
KS,66,79371
KS,67,77961
KS,68,76593
KS,69,74993
KS,70,73587
KS,71,71920
KS,72,70160
KS,73,68414
KS,74,66532
KS,75,64443
KS,76,62202
KS,77,60077
KS,78,57402
KS,79,54655
KS,80,51766
KS,81,48822
KS,82,45749
KS,83,42530
KS,84,39347
KS,85,36179
KS,86,32917
KS,87,29676
KS,88,26230
KS,89,22941
KS,90,19783
KS,91,16649
KS,92,13831
KS,93,11240
KS,94,8893
KS,95,6819
KS,96,5160
KS,97,3801
KS,98,2722
KS,99,1892
KS,100,1275
KY,0,100000
KY,1,99421
KY,2,99358
KY,3,99312
KY,4,99287
KY,5,99256
KY,6,99242
KY,7,99222
KY,8,99207
KY,9,99191
KY,10,99186
KY,11,99173
KY,12,99147
KY,13,99132
KY,14,99105
KY,15,99080
KY,16,99045
KY,17,98992
KY,18,98934
KY,19,98853
KY,20,98738
KY,21,98634
KY,22,98525
KY,23,98398
KY,24,98271
KY,25,98161
KY,26,98008
KY,27,97869
KY,28,97731
KY,29,97540
KY,30,97333
KY,31,97153
KY,32,96928
KY,33,96683
KY,34,96397
KY,35,96141
KY,36,95858
KY,37,95522
KY,38,95211
KY,39,94850
KY,40,94436
KY,41,94031
KY,42,93642
KY,43,93197
KY,44,92787
KY,45,92333
KY,46,91898
KY,47,91419
KY,48,90882
KY,49,90330
KY,50,89768
KY,51,89128
KY,52,88473
KY,53,87792
KY,54,87046
KY,55,86310
KY,56,85480
KY,57,84504
KY,58,83559
KY,59,82484
KY,60,81441
KY,61,80288
KY,62,78990
KY,63,77678
KY,64,76269
KY,65,74924
KY,66,73401
KY,67,71874
KY,68,70240
KY,69,68602
KY,70,66873
KY,71,65006
KY,72,63107
KY,73,61095
KY,74,59086
KY,75,56933
KY,76,54510
KY,77,52123
KY,78,49456
KY,79,46616
KY,80,43809
KY,81,40862
KY,82,37765
KY,83,34797
KY,84,31723
KY,85,28764
KY,86,25874
KY,87,22904
KY,88,20039
KY,89,17322
KY,90,14737
KY,91,12250
KY,92,10038
KY,93,8130
KY,94,6297
KY,95,4783
KY,96,3592
KY,97,2631
KY,98,1877
KY,99,1303
KY,100,879
LA,0,100000
LA,1,99268
LA,2,99201
LA,3,99155
LA,4,99129
LA,5,99086
LA,6,99071
LA,7,99055
LA,8,99045
LA,9,99027
LA,10,99017
LA,11,99004
LA,12,98987
LA,13,98962
LA,14,98939
LA,15,98891
LA,16,98832
LA,17,98775
LA,18,98667
LA,19,98547
LA,20,98399
LA,21,98248
LA,22,98081
LA,23,97920
LA,24,97753
LA,25,97572
LA,26,97390
LA,27,97199
LA,28,96991
LA,29,96757
LA,30,96536
LA,31,96260
LA,32,96022
LA,33,95786
LA,34,95521
LA,35,95236
LA,36,94975
LA,37,94659
LA,38,94332
LA,39,93983
LA,40,93601
LA,41,93199
LA,42,92815
LA,43,92380
LA,44,91945
LA,45,91480
LA,46,91039
LA,47,90517
LA,48,90010
LA,49,89470
LA,50,88906
LA,51,88357
LA,52,87760
LA,53,87101
LA,54,86425
LA,55,85611
LA,56,84807
LA,57,83964
LA,58,83061
LA,59,82089
LA,60,81045
LA,61,79986
LA,62,78859
LA,63,77628
LA,64,76368
LA,65,74961
LA,66,73580
LA,67,72190
LA,68,70632
LA,69,69115
LA,70,67572
LA,71,65922
LA,72,64159
LA,73,62359
LA,74,60423
LA,75,58398
LA,76,56168
LA,77,53985
LA,78,51590
LA,79,48925
LA,80,46325
LA,81,43636
LA,82,41018
LA,83,38175
LA,84,35200
LA,85,32125
LA,86,29173
LA,87,26122
LA,88,23109
LA,89,20333
LA,90,17528
LA,91,14845
LA,92,12206
LA,93,9882
LA,94,7903
LA,95,6154
LA,96,4689
LA,97,3483
LA,98,2518
LA,99,1769
LA,100,1207
ME,0,100000
ME,1,99338
ME,2,99280
ME,3,99248
ME,4,99233
ME,5,99225
ME,6,99203
ME,7,99203
ME,8,99195
ME,9,99188
ME,10,99181
ME,11,99181
ME,12,99153
ME,13,99112
ME,14,99092
ME,15,99054
ME,16,99010
ME,17,98972
ME,18,98959
ME,19,98888
ME,20,98812
ME,21,98714
ME,22,98612
ME,23,98509
ME,24,98423
ME,25,98299
ME,26,98170
ME,27,98037
ME,28,97854
ME,29,97712
ME,30,97492
ME,31,97322
ME,32,97139
ME,33,96854
ME,34,96583
ME,35,96430
ME,36,96221
ME,37,95991
ME,38,95571
ME,39,95247
ME,40,94912
ME,41,94588
ME,42,94268
ME,43,94014
ME,44,93669
ME,45,93265
ME,46,93008
ME,47,92643
ME,48,92205
ME,49,91800
ME,50,91398
ME,51,90860
ME,52,90350
ME,53,89803
ME,54,89351
ME,55,88828
ME,56,88113
ME,57,87463
ME,58,86741
ME,59,85952
ME,60,85160
ME,61,84342
ME,62,83440
ME,63,82458
ME,64,81504
ME,65,80364
ME,66,79132
ME,67,78006
ME,68,76878
ME,69,75719
ME,70,74460
ME,71,73043
ME,72,71620
ME,73,69971
ME,74,68355
ME,75,66406
ME,76,64339
ME,77,62268
ME,78,59695
ME,79,56966
ME,80,54423
ME,81,51562
ME,82,48680
ME,83,45750
ME,84,42533
ME,85,39073
ME,86,35436
ME,87,31789
ME,88,28039
ME,89,24690
ME,90,21401
ME,91,17971
ME,92,14869
ME,93,12017
ME,94,9303
ME,95,6878
ME,96,5091
ME,97,3651
ME,98,2534
ME,99,1698
ME,100,1098
MD,0,100000
MD,1,99386
MD,2,99358
MD,3,99336
MD,4,99313
MD,5,99296
MD,6,99288
MD,7,99277
MD,8,99270
MD,9,99256
MD,10,99240
MD,11,99231
MD,12,99219
MD,13,99208
MD,14,99186
MD,15,99159
MD,16,99119
MD,17,99079
MD,18,99010
MD,19,98951
MD,20,98864
MD,21,98746
MD,22,98630
MD,23,98514
MD,24,98397
MD,25,98291
MD,26,98162
MD,27,98009
MD,28,97854
MD,29,97687
MD,30,97512
MD,31,97336
MD,32,97158
MD,33,96992
MD,34,96813
MD,35,96604
MD,36,96398
MD,37,96197
MD,38,95985
MD,39,95778
MD,40,95566
MD,41,95361
MD,42,95088
MD,43,94866
MD,44,94587
MD,45,94327
MD,46,94020
MD,47,93730
MD,48,93390
MD,49,93092
MD,50,92774
MD,51,92435
MD,52,92028
MD,53,91600
MD,54,91108
MD,55,90604
MD,56,90090
MD,57,89516
MD,58,88850
MD,59,88150
MD,60,87465
MD,61,86677
MD,62,85828
MD,63,84930
MD,64,83963
MD,65,82899
MD,66,81714
MD,67,80518
MD,68,79287
MD,69,78028
MD,70,76620
MD,71,75081
MD,72,73590
MD,73,72018
MD,74,70263
MD,75,68569
MD,76,66487
MD,77,64413
MD,78,62183
MD,79,59818
MD,80,57220
MD,81,54479
MD,82,51709
MD,83,48837
MD,84,45584
MD,85,42307
MD,86,38813
MD,87,35302
MD,88,31806
MD,89,28299
MD,90,24909
MD,91,21568
MD,92,18185
MD,93,15160
MD,94,12409
MD,95,9905
MD,96,7756
MD,97,5926
MD,98,4412
MD,99,3195
MD,100,2247
MA,0,100000
MA,1,99671
MA,2,99655
MA,3,99641
MA,4,99631
MA,5,99612
MA,6,99603
MA,7,99589
MA,8,99576
MA,9,99567
MA,10,99563
MA,11,99549
MA,12,99544
MA,13,99537
MA,14,99527
MA,15,99517
MA,16,99494
MA,17,99468
MA,18,99441
MA,19,99398
MA,20,99359
MA,21,99319
MA,22,99266
MA,23,99210
MA,24,99141
MA,25,99064
MA,26,98992
MA,27,98919
MA,28,98835
MA,29,98734
MA,30,98622
MA,31,98499
MA,32,98378
MA,33,98245
MA,34,98104
MA,35,97961
MA,36,97791
MA,37,97626
MA,38,97447
MA,39,97264
MA,40,97049
MA,41,96840
MA,42,96630
MA,43,96428
MA,44,96212
MA,45,95968
MA,46,95756
MA,47,95521
MA,48,95257
MA,49,94970
MA,50,94706
MA,51,94385
MA,52,94006
MA,53,93650
MA,54,93254
MA,55,92792
MA,56,92293
MA,57,91802
MA,58,91220
MA,59,90639
MA,60,89969
MA,61,89322
MA,62,88613
MA,63,87850
MA,64,86997
MA,65,86106
MA,66,85216
MA,67,84211
MA,68,83178
MA,69,82056
MA,70,80847
MA,71,79527
MA,72,78176
MA,73,76608
MA,74,75043
MA,75,73369
MA,76,71373
MA,77,69432
MA,78,67145
MA,79,64607
MA,80,61869
MA,81,58998
MA,82,56125
MA,83,52917
MA,84,49628
MA,85,46024
MA,86,42113
MA,87,38405
MA,88,34429
MA,89,30578
MA,90,26695
MA,91,22777
MA,92,19230
MA,93,15824
MA,94,12857
MA,95,10113
MA,96,7774
MA,97,5814
MA,98,4223
MA,99,2974
MA,100,2027
MI,0,100000
MI,1,99372
MI,2,99317
MI,3,99283
MI,4,99256
MI,5,99243
MI,6,99227
MI,7,99211
MI,8,99198
MI,9,99186
MI,10,99176
MI,11,99160
MI,12,99145
MI,13,99125
MI,14,99108
MI,15,99088
MI,16,99060
MI,17,99031
MI,18,98991
MI,19,98929
MI,20,98862
MI,21,98782
MI,22,98696
MI,23,98608
MI,24,98517
MI,25,98416
MI,26,98295
MI,27,98175
MI,28,98041
MI,29,97889
MI,30,97744
MI,31,97581
MI,32,97406
MI,33,97218
MI,34,97024
MI,35,96831
MI,36,96610
MI,37,96407
MI,38,96165
MI,39,95933
MI,40,95680
MI,41,95402
MI,42,95147
MI,43,94845
MI,44,94559
MI,45,94225
MI,46,93909
MI,47,93580
MI,48,93218
MI,49,92845
MI,50,92407
MI,51,91952
MI,52,91459
MI,53,90948
MI,54,90361
MI,55,89810
MI,56,89170
MI,57,88501
MI,58,87813
MI,59,87038
MI,60,86245
MI,61,85375
MI,62,84401
MI,63,83371
MI,64,82268
MI,65,81133
MI,66,79925
MI,67,78603
MI,68,77258
MI,69,75902
MI,70,74454
MI,71,72902
MI,72,71215
MI,73,69471
MI,74,67573
MI,75,65645
MI,76,63472
MI,77,61318
MI,78,58819
MI,79,56292
MI,80,53401
MI,81,50504
MI,82,47482
MI,83,44285
MI,84,41108
MI,85,37663
MI,86,33991
MI,87,30505
MI,88,26858
MI,89,23426
MI,90,20082
MI,91,16886
MI,92,13973
MI,93,11325
MI,94,8913
MI,95,6875
MI,96,5163
MI,97,3770
MI,98,2673
MI,99,1838
MI,100,1223
MN,0,100000
MN,1,99550
MN,2,99507
MN,3,99487
MN,4,99470
MN,5,99458
MN,6,99440
MN,7,99425
MN,8,99415
MN,9,99404
MN,10,99393
MN,11,99382
MN,12,99375
MN,13,99354
MN,14,99339
MN,15,99315
MN,16,99282
MN,17,99244
MN,18,99197
MN,19,99143
MN,20,99067
MN,21,98994
MN,22,98920
MN,23,98822
MN,24,98728
MN,25,98640
MN,26,98544
MN,27,98460
MN,28,98331
MN,29,98219
MN,30,98104
MN,31,97970
MN,32,97833
MN,33,97682
MN,34,97517
MN,35,97347
MN,36,97198
MN,37,97026
MN,38,96847
MN,39,96645
MN,40,96469
MN,41,96298
MN,42,96129
MN,43,95906
MN,44,95670
MN,45,95429
MN,46,95219
MN,47,94941
MN,48,94660
MN,49,94378
MN,50,94099
MN,51,93744
MN,52,93373
MN,53,92983
MN,54,92552
MN,55,92121
MN,56,91635
MN,57,91100
MN,58,90497
MN,59,89876
MN,60,89184
MN,61,88471
MN,62,87795
MN,63,86978
MN,64,86149
MN,65,85246
MN,66,84268
MN,67,83266
MN,68,82123
MN,69,81015
MN,70,79777
MN,71,78445
MN,72,76949
MN,73,75437
MN,74,73797
MN,75,72020
MN,76,69999
MN,77,67984
MN,78,65630
MN,79,63058
MN,80,60287
MN,81,57406
MN,82,54417
MN,83,51209
MN,84,47908
MN,85,44448
MN,86,41039
MN,87,37306
MN,88,33529
MN,89,29781
MN,90,26001
MN,91,22336
MN,92,18920
MN,93,15509
MN,94,12603
MN,95,9942
MN,96,7672
MN,97,5763
MN,98,4206
MN,99,2978
MN,100,2043
MS,0,100000
MS,1,99085
MS,2,98991
MS,3,98940
MS,4,98909
MS,5,98884
MS,6,98857
MS,7,98835
MS,8,98819
MS,9,98809
MS,10,98785
MS,11,98774
MS,12,98759
MS,13,98736
MS,14,98698
MS,15,98654
MS,16,98609
MS,17,98555
MS,18,98450
MS,19,98346
MS,20,98228
MS,21,98076
MS,22,97923
MS,23,97771
MS,24,97607
MS,25,97463
MS,26,97262
MS,27,97067
MS,28,96874
MS,29,96668
MS,30,96403
MS,31,96175
MS,32,95953
MS,33,95649
MS,34,95337
MS,35,95089
MS,36,94823
MS,37,94538
MS,38,94176
MS,39,93860
MS,40,93508
MS,41,93147
MS,42,92748
MS,43,92347
MS,44,91883
MS,45,91404
MS,46,90853
MS,47,90329
MS,48,89724
MS,49,89169
MS,50,88577
MS,51,87903
MS,52,87289
MS,53,86547
MS,54,85775
MS,55,85036
MS,56,84142
MS,57,83269
MS,58,82215
MS,59,81112
MS,60,79931
MS,61,78726
MS,62,77438
MS,63,75989
MS,64,74497
MS,65,72947
MS,66,71340
MS,67,69758
MS,68,68038
MS,69,66362
MS,70,64590
MS,71,62741
MS,72,60842
MS,73,58890
MS,74,56816
MS,75,54640
MS,76,52233
MS,77,49968
MS,78,47339
MS,79,44809
MS,80,42130
MS,81,39462
MS,82,36640
MS,83,33771
MS,84,30816
MS,85,27898
MS,86,25223
MS,87,22515
MS,88,19645
MS,89,16973
MS,90,14550
MS,91,12327
MS,92,10239
MS,93,8170
MS,94,6410
MS,95,4920
MS,96,3744
MS,97,2782
MS,98,2016
MS,99,1423
MS,100,977
MO,0,100000
MO,1,99332
MO,2,99272
MO,3,99239
MO,4,99209
MO,5,99191
MO,6,99178
MO,7,99160
MO,8,99146
MO,9,99133
MO,10,99118
MO,11,99104
MO,12,99091
MO,13,99073
MO,14,99059
MO,15,99022
MO,16,98976
MO,17,98907
MO,18,98819
MO,19,98705
MO,20,98585
MO,21,98459
MO,22,98347
MO,23,98198
MO,24,98058
MO,25,97898
MO,26,97730
MO,27,97589
MO,28,97443
MO,29,97258
MO,30,97049
MO,31,96842
MO,32,96659
MO,33,96465
MO,34,96219
MO,35,95965
MO,36,95726
MO,37,95485
MO,38,95235
MO,39,94986
MO,40,94698
MO,41,94408
MO,42,94075
MO,43,93745
MO,44,93408
MO,45,93046
MO,46,92700
MO,47,92345
MO,48,91919
MO,49,91495
MO,50,91020
MO,51,90499
MO,52,89973
MO,53,89401
MO,54,88826
MO,55,88158
MO,56,87407
MO,57,86614
MO,58,85775
MO,59,84809
MO,60,83825
MO,61,82825
MO,62,81719
MO,63,80515
MO,64,79328
MO,65,78041
MO,66,76672
MO,67,75286
MO,68,73833
MO,69,72290
MO,70,70779
MO,71,69148
MO,72,67476
MO,73,65621
MO,74,63674
MO,75,61668
MO,76,59398
MO,77,57143
MO,78,54742
MO,79,52073
MO,80,49276
MO,81,46452
MO,82,43459
MO,83,40513
MO,84,37339
MO,85,34140
MO,86,31068
MO,87,27885
MO,88,24815
MO,89,21708
MO,90,18636
MO,91,15787
MO,92,13201
MO,93,10757
MO,94,8581
MO,95,6674
MO,96,5095
MO,97,3793
MO,98,2748
MO,99,1936
MO,100,1324
MT,0,100000
MT,1,99528
MT,2,99502
MT,3,99484
MT,4,99468
MT,5,99443
MT,6,99420
MT,7,99405
MT,8,99383
MT,9,99361
MT,10,99346
MT,11,99339
MT,12,99294
MT,13,99294
MT,14,99280
MT,15,99211
MT,16,99135
MT,17,99066
MT,18,99002
MT,19,98858
MT,20,98678
MT,21,98622
MT,22,98555
MT,23,98459
MT,24,98324
MT,25,98191
MT,26,98075
MT,27,97957
MT,28,97793
MT,29,97570
MT,30,97419
MT,31,97225
MT,32,97000
MT,33,96793
MT,34,96569
MT,35,96349
MT,36,96088
MT,37,95815
MT,38,95546
MT,39,95312
MT,40,95076
MT,41,94762
MT,42,94562
MT,43,94214
MT,44,93938
MT,45,93654
MT,46,93409
MT,47,93117
MT,48,92749
MT,49,92419
MT,50,92076
MT,51,91599
MT,52,91098
MT,53,90580
MT,54,90031
MT,55,89543
MT,56,88898
MT,57,88316
MT,58,87671
MT,59,86794
MT,60,86025
MT,61,85132
MT,62,84295
MT,63,83411
MT,64,82553
MT,65,81489
MT,66,80376
MT,67,79378
MT,68,78218
MT,69,77029
MT,70,75820
MT,71,74640
MT,72,73102
MT,73,71548
MT,74,70045
MT,75,68204
MT,76,66029
MT,77,63835
MT,78,61543
MT,79,59173
MT,80,56396
MT,81,53692
MT,82,50485
MT,83,47396
MT,84,43936
MT,85,40305
MT,86,36638
MT,87,33175
MT,88,29809
MT,89,26522
MT,90,23013
MT,91,19759
MT,92,16471
MT,93,13446
MT,94,10730
MT,95,8355
MT,96,6336
MT,97,4671
MT,98,3342
MT,99,2318
MT,100,1555
NE,0,100000
NE,1,99416
NE,2,99388
NE,3,99356
NE,4,99348
NE,5,99340
NE,6,99333
NE,7,99307
NE,8,99300
NE,9,99293
NE,10,99278
NE,11,99274
NE,12,99263
NE,13,99256
NE,14,99231
NE,15,99204
NE,16,99179
NE,17,99126
NE,18,99069
NE,19,98973
NE,20,98891
NE,21,98812
NE,22,98739
NE,23,98656
NE,24,98561
NE,25,98466
NE,26,98376
NE,27,98298
NE,28,98177
NE,29,98061
NE,30,97916
NE,31,97790
NE,32,97698
NE,33,97561
NE,34,97416
NE,35,97249
NE,36,97093
NE,37,96914
NE,38,96745
NE,39,96566
NE,40,96396
NE,41,96180
NE,42,95976
NE,43,95788
NE,44,95575
NE,45,95332
NE,46,95040
NE,47,94770
NE,48,94496
NE,49,94200
NE,50,93864
NE,51,93489
NE,52,93130
NE,53,92751
NE,54,92267
NE,55,91718
NE,56,91142
NE,57,90506
NE,58,89881
NE,59,89158
NE,60,88512
NE,61,87735
NE,62,86956
NE,63,86087
NE,64,85173
NE,65,84066
NE,66,83009
NE,67,81886
NE,68,80675
NE,69,79458
NE,70,78123
NE,71,76579
NE,72,75028
NE,73,73256
NE,74,71485
NE,75,69585
NE,76,67382
NE,77,65221
NE,78,62783
NE,79,60070
NE,80,57389
NE,81,54445
NE,82,51456
NE,83,48222
NE,84,44970
NE,85,41253
NE,86,37593
NE,87,33973
NE,88,30014
NE,89,26315
NE,90,22884
NE,91,19201
NE,92,15913
NE,93,13024
NE,94,10282
NE,95,7724
NE,96,5827
NE,97,4272
NE,98,3038
NE,99,2093
NE,100,1395
NV,0,100000
NV,1,99540
NV,2,99496
NV,3,99459
NV,4,99445
NV,5,99429
NV,6,99408
NV,7,99392
NV,8,99380
NV,9,99374
NV,10,99359
NV,11,99346
NV,12,99336
NV,13,99316
NV,14,99292
NV,15,99276
NV,16,99238
NV,17,99195
NV,18,99156
NV,19,99074
NV,20,98952
NV,21,98861
NV,22,98755
NV,23,98629
NV,24,98481
NV,25,98351
NV,26,98231
NV,27,98074
NV,28,97949
NV,29,97799
NV,30,97663
NV,31,97501
NV,32,97323
NV,33,97160
NV,34,96967
NV,35,96796
NV,36,96570
NV,37,96358
NV,38,96140
NV,39,95911
NV,40,95628
NV,41,95360
NV,42,95057
NV,43,94782
NV,44,94488
NV,45,94187
NV,46,93835
NV,47,93522
NV,48,93135
NV,49,92738
NV,50,92330
NV,51,91876
NV,52,91462
NV,53,90996
NV,54,90477
NV,55,89930
NV,56,89321
NV,57,88602
NV,58,87930
NV,59,87200
NV,60,86275
NV,61,85328
NV,62,84394
NV,63,83306
NV,64,82191
NV,65,81034
NV,66,79657
NV,67,78333
NV,68,76986
NV,69,75595
NV,70,74023
NV,71,72303
NV,72,70605
NV,73,68891
NV,74,66911
NV,75,64901
NV,76,62722
NV,77,60565
NV,78,58070
NV,79,55426
NV,80,52631
NV,81,49950
NV,82,46767
NV,83,43383
NV,84,40243
NV,85,36986
NV,86,33627
NV,87,30277
NV,88,26862
NV,89,23468
NV,90,20141
NV,91,17223
NV,92,14240
NV,93,11785
NV,94,9434
NV,95,7288
NV,96,5564
NV,97,4140
NV,98,2998
NV,99,2109
NV,100,1440
NH,0,100000
NH,1,99651
NH,2,99618
NH,3,99594
NH,4,99579
NH,5,99571
NH,6,99571
NH,7,99564
NH,8,99564
NH,9,99521
NH,10,99514
NH,11,99507
NH,12,99500
NH,13,99500
NH,14,99494
NH,15,99481
NH,16,99475
NH,17,99444
NH,18,99402
NH,19,99349
NH,20,99310
NH,21,99266
NH,22,99205
NH,23,99112
NH,24,99045
NH,25,98983
NH,26,98850
NH,27,98710
NH,28,98562
NH,29,98418
NH,30,98277
NH,31,98149
NH,32,97996
NH,33,97822
NH,34,97632
NH,35,97435
NH,36,97280
NH,37,97057
NH,38,96851
NH,39,96668
NH,40,96463
NH,41,96280
NH,42,96038
NH,43,95769
NH,44,95551
NH,45,95279
NH,46,95076
NH,47,94821
NH,48,94521
NH,49,94241
NH,50,93860
NH,51,93498
NH,52,93076
NH,53,92633
NH,54,92233
NH,55,91763
NH,56,91194
NH,57,90593
NH,58,90010
NH,59,89365
NH,60,88644
NH,61,88005
NH,62,87281
NH,63,86436
NH,64,85430
NH,65,84514
NH,66,83458
NH,67,82427
NH,68,81234
NH,69,80056
NH,70,78696
NH,71,77386
NH,72,76004
NH,73,74301
NH,74,72687
NH,75,70845
NH,76,68720
NH,77,66683
NH,78,64195
NH,79,61491
NH,80,58758
NH,81,55638
NH,82,52655
NH,83,49763
NH,84,46039
NH,85,42295
NH,86,38818
NH,87,34968
NH,88,31237
NH,89,27702
NH,90,23848
NH,91,20097
NH,92,16755
NH,93,13574
NH,94,11018
NH,95,8469
NH,96,6443
NH,97,4769
NH,98,3430
NH,99,2393
NH,100,1618
NJ,0,100000
NJ,1,99636
NJ,2,99612
NJ,3,99591
NJ,4,99580
NJ,5,99576
NJ,6,99565
NJ,7,99557
NJ,8,99554
NJ,9,99551
NJ,10,99547
NJ,11,99538
NJ,12,99526
NJ,13,99516
NJ,14,99508
NJ,15,99491
NJ,16,99472
NJ,17,99447
NJ,18,99417
NJ,19,99379
NJ,20,99312
NJ,21,99256
NJ,22,99205
NJ,23,99133
NJ,24,99053
NJ,25,98969
NJ,26,98875
NJ,27,98775
NJ,28,98673
NJ,29,98559
NJ,30,98443
NJ,31,98297
NJ,32,98151
NJ,33,98015
NJ,34,97876
NJ,35,97728
NJ,36,97579
NJ,37,97400
NJ,38,97235
NJ,39,97060
NJ,40,96884
NJ,41,96696
NJ,42,96487
NJ,43,96295
NJ,44,96099
NJ,45,95869
NJ,46,95625
NJ,47,95379
NJ,48,95103
NJ,49,94811
NJ,50,94525
NJ,51,94204
NJ,52,93855
NJ,53,93459
NJ,54,93046
NJ,55,92602
NJ,56,92115
NJ,57,91586
NJ,58,91045
NJ,59,90391
NJ,60,89724
NJ,61,89055
NJ,62,88357
NJ,63,87539
NJ,64,86678
NJ,65,85738
NJ,66,84772
NJ,67,83720
NJ,68,82675
NJ,69,81519
NJ,70,80275
NJ,71,78928
NJ,72,77491
NJ,73,76033
NJ,74,74408
NJ,75,72608
NJ,76,70571
NJ,77,68626
NJ,78,66472
NJ,79,64053
NJ,80,61302
NJ,81,58632
NJ,82,55762
NJ,83,52741
NJ,84,49495
NJ,85,46122
NJ,86,42361
NJ,87,38664
NJ,88,34932
NJ,89,31111
NJ,90,27351
NJ,91,23622
NJ,92,19980
NJ,93,16496
NJ,94,13356
NJ,95,10633
NJ,96,8286
NJ,97,6290
NJ,98,4642
NJ,99,3325
NJ,100,2308
NM,0,100000
NM,1,99418
NM,2,99357
NM,3,99339
NM,4,99330
NM,5,99317
NM,6,99313
NM,7,99301
NM,8,99290
NM,9,99286
NM,10,99274
NM,11,99270
NM,12,99259
NM,13,99245
NM,14,99217
NM,15,99196
NM,16,99138
NM,17,99059
NM,18,98965
NM,19,98840
NM,20,98709
NM,21,98569
NM,22,98426
NM,23,98260
NM,24,98093
NM,25,97905
NM,26,97678
NM,27,97447
NM,28,97195
NM,29,96892
NM,30,96590
NM,31,96221
NM,32,95855
NM,33,95496
NM,34,95112
NM,35,94696
NM,36,94374
NM,37,94022
NM,38,93582
NM,39,93164
NM,40,92766
NM,41,92338
NM,42,91846
NM,43,91381
NM,44,90892
NM,45,90324
NM,46,89885
NM,47,89384
NM,48,88895
NM,49,88312
NM,50,87835
NM,51,87195
NM,52,86492
NM,53,85804
NM,54,85135
NM,55,84435
NM,56,83692
NM,57,82897
NM,58,82085
NM,59,81276
NM,60,80359
NM,61,79408
NM,62,78389
NM,63,77461
NM,64,76324
NM,65,75192
NM,66,74046
NM,67,72855
NM,68,71573
NM,69,70312
NM,70,69064
NM,71,67724
NM,72,66358
NM,73,64807
NM,74,63152
NM,75,61489
NM,76,59648
NM,77,57889
NM,78,55810
NM,79,53682
NM,80,51137
NM,81,48808
NM,82,46231
NM,83,43496
NM,84,40715
NM,85,37661
NM,86,34573
NM,87,31329
NM,88,28234
NM,89,24807
NM,90,21290
NM,91,18260
NM,92,15444
NM,93,12452
NM,94,10082
NM,95,7878
NM,96,6028
NM,97,4486
NM,98,3242
NM,99,2271
NM,100,1540
NY,0,100000
NY,1,99582
NY,2,99551
NY,3,99535
NY,4,99517
NY,5,99503
NY,6,99484
NY,7,99471
NY,8,99465
NY,9,99454
NY,10,99447
NY,11,99438
NY,12,99427
NY,13,99410
NY,14,99395
NY,15,99375
NY,16,99361
NY,17,99331
NY,18,99293
NY,19,99257
NY,20,99209
NY,21,99153
NY,22,99095
NY,23,99025
NY,24,98949
NY,25,98861
NY,26,98782
NY,27,98693
NY,28,98589
NY,29,98480
NY,30,98363
NY,31,98241
NY,32,98111
NY,33,97970
NY,34,97835
NY,35,97695
NY,36,97538
NY,37,97369
NY,38,97196
NY,39,97016
NY,40,96811
NY,41,96592
NY,42,96383
NY,43,96146
NY,44,95918
NY,45,95687
NY,46,95430
NY,47,95162
NY,48,94883
NY,49,94582
NY,50,94263
NY,51,93901
NY,52,93552
NY,53,93151
NY,54,92727
NY,55,92263
NY,56,91761
NY,57,91241
NY,58,90650
NY,59,90001
NY,60,89357
NY,61,88618
NY,62,87864
NY,63,87037
NY,64,86154
NY,65,85205
NY,66,84216
NY,67,83204
NY,68,82086
NY,69,80917
NY,70,79698
NY,71,78392
NY,72,77012
NY,73,75557
NY,74,73992
NY,75,72311
NY,76,70394
NY,77,68541
NY,78,66378
NY,79,64131
NY,80,61581
NY,81,58973
NY,82,56205
NY,83,53319
NY,84,50191
NY,85,46980
NY,86,43605
NY,87,40040
NY,88,36500
NY,89,32926
NY,90,29241
NY,91,25512
NY,92,21996
NY,93,18640
NY,94,15406
NY,95,12467
NY,96,9929
NY,97,7720
NY,98,5850
NY,99,4313
NY,100,3088
NC,0,100000
NC,1,99315
NC,2,99244
NC,3,99208
NC,4,99185
NC,5,99158
NC,6,99135
NC,7,99120
NC,8,99109
NC,9,99095
NC,10,99082
NC,11,99063
NC,12,99048
NC,13,99024
NC,14,99000
NC,15,98973
NC,16,98937
NC,17,98887
NC,18,98824
NC,19,98741
NC,20,98642
NC,21,98540
NC,22,98420
NC,23,98294
NC,24,98158
NC,25,98020
NC,26,97847
NC,27,97687
NC,28,97516
NC,29,97327
NC,30,97126
NC,31,96935
NC,32,96719
NC,33,96488
NC,34,96269
NC,35,96032
NC,36,95809
NC,37,95563
NC,38,95321
NC,39,95068
NC,40,94780
NC,41,94491
NC,42,94193
NC,43,93887
NC,44,93550
NC,45,93215
NC,46,92868
NC,47,92484
NC,48,92108
NC,49,91722
NC,50,91287
NC,51,90822
NC,52,90316
NC,53,89740
NC,54,89169
NC,55,88540
NC,56,87893
NC,57,87164
NC,58,86384
NC,59,85570
NC,60,84667
NC,61,83680
NC,62,82682
NC,63,81625
NC,64,80528
NC,65,79335
NC,66,78103
NC,67,76801
NC,68,75485
NC,69,74095
NC,70,72594
NC,71,71046
NC,72,69371
NC,73,67603
NC,74,65755
NC,75,63788
NC,76,61623
NC,77,59500
NC,78,57051
NC,79,54373
NC,80,51664
NC,81,48855
NC,82,45823
NC,83,42650
NC,84,39435
NC,85,36003
NC,86,32589
NC,87,29196
NC,88,25797
NC,89,22444
NC,90,19313
NC,91,16205
NC,92,13323
NC,93,10670
NC,94,8485
NC,95,6547
NC,96,4934
NC,97,3618
NC,98,2578
NC,99,1783
NC,100,1194
ND,0,100000
ND,1,99553
ND,2,99533
ND,3,99503
ND,4,99464
ND,5,99444
ND,6,99435
ND,7,99407
ND,8,99389
ND,9,99380
ND,10,99342
ND,11,99342
ND,12,99322
ND,13,99322
ND,14,99312
ND,15,99293
ND,16,99245
ND,17,99205
ND,18,99175
ND,19,99055
ND,20,98982
ND,21,98871
ND,22,98784
ND,23,98724
ND,24,98622
ND,25,98445
ND,26,98277
ND,27,98084
ND,28,97936
ND,29,97810
ND,30,97589
ND,31,97442
ND,32,97263
ND,33,97125
ND,34,96886
ND,35,96669
ND,36,96479
ND,37,96217
ND,38,95912
ND,39,95650
ND,40,95387
ND,41,95128
ND,42,94854
ND,43,94589
ND,44,94207
ND,45,93937
ND,46,93473
ND,47,93158
ND,48,92762
ND,49,92290
ND,50,91903
ND,51,91619
ND,52,91159
ND,53,90736
ND,54,90207
ND,55,89710
ND,56,89037
ND,57,88345
ND,58,87823
ND,59,87151
ND,60,86423
ND,61,85635
ND,62,84841
ND,63,83960
ND,64,83047
ND,65,82147
ND,66,81042
ND,67,80101
ND,68,79152
ND,69,77627
ND,70,76223
ND,71,74905
ND,72,73490
ND,73,71982
ND,74,70413
ND,75,68624
ND,76,66624
ND,77,64784
ND,78,62481
ND,79,60201
ND,80,57683
ND,81,55335
ND,82,52795
ND,83,50065
ND,84,47153
ND,85,44072
ND,86,40840
ND,87,37486
ND,88,34043
ND,89,30554
ND,90,27065
ND,91,23632
ND,92,20309
ND,93,17152
ND,94,14213
ND,95,11537
ND,96,9158
ND,97,7097
ND,98,5360
ND,99,3939
ND,100,2812
OH,0,100000
OH,1,99291
OH,2,99236
OH,3,99204
OH,4,99183
OH,5,99163
OH,6,99148
OH,7,99137
OH,8,99122
OH,9,99111
OH,10,99096
OH,11,99081
OH,12,99061
OH,13,99049
OH,14,99023
OH,15,98991
OH,16,98963
OH,17,98912
OH,18,98860
OH,19,98783
OH,20,98701
OH,21,98612
OH,22,98497
OH,23,98383
OH,24,98268
OH,25,98146
OH,26,98011
OH,27,97885
OH,28,97736
OH,29,97576
OH,30,97401
OH,31,97212
OH,32,97018
OH,33,96786
OH,34,96555
OH,35,96329
OH,36,96105
OH,37,95864
OH,38,95604
OH,39,95339
OH,40,95065
OH,41,94763
OH,42,94447
OH,43,94138
OH,44,93825
OH,45,93464
OH,46,93107
OH,47,92759
OH,48,92362
OH,49,91928
OH,50,91485
OH,51,91017
OH,52,90515
OH,53,89923
OH,54,89347
OH,55,88730
OH,56,88030
OH,57,87246
OH,58,86480
OH,59,85606
OH,60,84645
OH,61,83649
OH,62,82611
OH,63,81494
OH,64,80287
OH,65,78974
OH,66,77621
OH,67,76273
OH,68,74859
OH,69,73363
OH,70,71767
OH,71,70096
OH,72,68351
OH,73,66522
OH,74,64574
OH,75,62504
OH,76,60199
OH,77,58022
OH,78,55627
OH,79,53019
OH,80,50155
OH,81,47233
OH,82,44290
OH,83,41246
OH,84,37980
OH,85,34543
OH,86,31224
OH,87,27889
OH,88,24476
OH,89,21336
OH,90,18125
OH,91,15225
OH,92,12652
OH,93,10135
OH,94,7961
OH,95,6111
OH,96,4601
OH,97,3373
OH,98,2404
OH,99,1663
OH,100,1116
OK,0,100000
OK,1,99305
OK,2,99257
OK,3,99226
OK,4,99193
OK,5,99173
OK,6,99149
OK,7,99132
OK,8,99112
OK,9,99094
OK,10,99080
OK,11,99062
OK,12,99043
OK,13,99019
OK,14,98985
OK,15,98956
OK,16,98912
OK,17,98868
OK,18,98779
OK,19,98703
OK,20,98620
OK,21,98520
OK,22,98424
OK,23,98320
OK,24,98215
OK,25,98089
OK,26,97947
OK,27,97796
OK,28,97646
OK,29,97479
OK,30,97243
OK,31,97065
OK,32,96864
OK,33,96611
OK,34,96387
OK,35,96148
OK,36,95913
OK,37,95631
OK,38,95388
OK,39,95119
OK,40,94785
OK,41,94442
OK,42,94109
OK,43,93787
OK,44,93361
OK,45,92961
OK,46,92532
OK,47,92056
OK,48,91590
OK,49,91008
OK,50,90476
OK,51,89849
OK,52,89208
OK,53,88569
OK,54,87787
OK,55,87022
OK,56,86137
OK,57,85285
OK,58,84267
OK,59,83276
OK,60,82225
OK,61,80995
OK,62,79801
OK,63,78448
OK,64,77036
OK,65,75567
OK,66,73933
OK,67,72318
OK,68,70673
OK,69,68870
OK,70,67085
OK,71,65273
OK,72,63273
OK,73,61328
OK,74,59114
OK,75,56886
OK,76,54306
OK,77,51961
OK,78,49340
OK,79,46631
OK,80,43911
OK,81,41150
OK,82,38268
OK,83,35416
OK,84,32497
OK,85,29502
OK,86,26533
OK,87,23568
OK,88,20749
OK,89,18011
OK,90,15364
OK,91,12806
OK,92,10481
OK,93,8323
OK,94,6523
OK,95,4952
OK,96,3704
OK,97,2698
OK,98,1911
OK,99,1315
OK,100,877
OR,0,100000
OR,1,99558
OR,2,99528
OR,3,99501
OR,4,99485
OR,5,99474
OR,6,99458
OR,7,99445
OR,8,99435
OR,9,99427
OR,10,99418
OR,11,99406
OR,12,99398
OR,13,99388
OR,14,99370
OR,15,99345
OR,16,99315
OR,17,99263
OR,18,99202
OR,19,99119
OR,20,99038
OR,21,98975
OR,22,98899
OR,23,98783
OR,24,98690
OR,25,98581
OR,26,98454
OR,27,98346
OR,28,98243
OR,29,98111
OR,30,97973
OR,31,97809
OR,32,97659
OR,33,97506
OR,34,97317
OR,35,97123
OR,36,96940
OR,37,96743
OR,38,96560
OR,39,96349
OR,40,96119
OR,41,95885
OR,42,95654
OR,43,95412
OR,44,95169
OR,45,94906
OR,46,94597
OR,47,94298
OR,48,93972
OR,49,93693
OR,50,93295
OR,51,92883
OR,52,92448
OR,53,91982
OR,54,91483
OR,55,90943
OR,56,90340
OR,57,89690
OR,58,88960
OR,59,88182
OR,60,87358
OR,61,86479
OR,62,85486
OR,63,84520
OR,64,83467
OR,65,82388
OR,66,81233
OR,67,80048
OR,68,78736
OR,69,77455
OR,70,76036
OR,71,74567
OR,72,72962
OR,73,71386
OR,74,69710
OR,75,67885
OR,76,65745
OR,77,63612
OR,78,61130
OR,79,58683
OR,80,55775
OR,81,52887
OR,82,49960
OR,83,46812
OR,84,43417
OR,85,39973
OR,86,36231
OR,87,32529
OR,88,28609
OR,89,24982
OR,90,21444
OR,91,18218
OR,92,14906
OR,93,11917
OR,94,9426
OR,95,7112
OR,96,5270
OR,97,3786
OR,98,2632
OR,99,1769
OR,100,1147
PA,0,100000
PA,1,99433
PA,2,99401
PA,3,99371
PA,4,99345
PA,5,99327
PA,6,99315
PA,7,99302
PA,8,99290
PA,9,99277
PA,10,99262
PA,11,99253
PA,12,99241
PA,13,99222
PA,14,99201
PA,15,99179
PA,16,99146
PA,17,99102
PA,18,99043
PA,19,98984
PA,20,98914
PA,21,98849
PA,22,98767
PA,23,98678
PA,24,98580
PA,25,98465
PA,26,98344
PA,27,98202
PA,28,98065
PA,29,97915
PA,30,97759
PA,31,97592
PA,32,97424
PA,33,97241
PA,34,97053
PA,35,96863
PA,36,96664
PA,37,96428
PA,38,96204
PA,39,95980
PA,40,95745
PA,41,95492
PA,42,95229
PA,43,94966
PA,44,94669
PA,45,94399
PA,46,94108
PA,47,93792
PA,48,93461
PA,49,93095
PA,50,92690
PA,51,92256
PA,52,91810
PA,53,91348
PA,54,90853
PA,55,90310
PA,56,89701
PA,57,89068
PA,58,88376
PA,59,87641
PA,60,86812
PA,61,85945
PA,62,85011
PA,63,84036
PA,64,82989
PA,65,81873
PA,66,80685
PA,67,79498
PA,68,78234
PA,69,76925
PA,70,75496
PA,71,74007
PA,72,72416
PA,73,70811
PA,74,68961
PA,75,67003
PA,76,64768
PA,77,62669
PA,78,60276
PA,79,57727
PA,80,54894
PA,81,52029
PA,82,49072
PA,83,46078
PA,84,42838
PA,85,39313
PA,86,35868
PA,87,32326
PA,88,28753
PA,89,25303
PA,90,21838
PA,91,18573
PA,92,15476
PA,93,12613
PA,94,10095
PA,95,7863
PA,96,6001
PA,97,4458
PA,98,3219
PA,99,2255
PA,100,1531
RI,0,100000
RI,1,99619
RI,2,99590
RI,3,99571
RI,4,99561
RI,5,99561
RI,6,99526
RI,7,99526
RI,8,99509
RI,9,99509
RI,10,99509
RI,11,99500
RI,12,99500
RI,13,99491
RI,14,99466
RI,15,99466
RI,16,99442
RI,17,99419
RI,18,99380
RI,19,99362
RI,20,99362
RI,21,99333
RI,22,99258
RI,23,99189
RI,24,99095
RI,25,99023
RI,26,98943
RI,27,98852
RI,28,98749
RI,29,98663
RI,30,98534
RI,31,98376
RI,32,98265
RI,33,98137
RI,34,97984
RI,35,97801
RI,36,97612
RI,37,97432
RI,38,97289
RI,39,97157
RI,40,97005
RI,41,96839
RI,42,96656
RI,43,96464
RI,44,96094
RI,45,95781
RI,46,95594
RI,47,95332
RI,48,95094
RI,49,94763
RI,50,94475
RI,51,94126
RI,52,93709
RI,53,93275
RI,54,92750
RI,55,92219
RI,56,91634
RI,57,91077
RI,58,90413
RI,59,89756
RI,60,89116
RI,61,88337
RI,62,87642
RI,63,86872
RI,64,86079
RI,65,85264
RI,66,84199
RI,67,83076
RI,68,82094
RI,69,80902
RI,70,79764
RI,71,78380
RI,72,76805
RI,73,75181
RI,74,73473
RI,75,71479
RI,76,69286
RI,77,67290
RI,78,65058
RI,79,62862
RI,80,60206
RI,81,57398
RI,82,54527
RI,83,51359
RI,84,47969
RI,85,44517
RI,86,40582
RI,87,36980
RI,88,33011
RI,89,29487
RI,90,25605
RI,91,22122
RI,92,18915
RI,93,15579
RI,94,12684
RI,95,10104
RI,96,7860
RI,97,5962
RI,98,4402
RI,99,3159
RI,100,2201
SC,0,100000
SC,1,99318
SC,2,99268
SC,3,99232
SC,4,99209
SC,5,99191
SC,6,99176
SC,7,99155
SC,8,99135
SC,9,99121
SC,10,99106
SC,11,99094
SC,12,99078
SC,13,99056
SC,14,99032
SC,15,98991
SC,16,98946
SC,17,98898
SC,18,98813
SC,19,98721
SC,20,98622
SC,21,98501
SC,22,98377
SC,23,98238
SC,24,98107
SC,25,97930
SC,26,97770
SC,27,97605
SC,28,97433
SC,29,97256
SC,30,97049
SC,31,96829
SC,32,96540
SC,33,96291
SC,34,96062
SC,35,95808
SC,36,95555
SC,37,95276
SC,38,94974
SC,39,94683
SC,40,94350
SC,41,94008
SC,42,93672
SC,43,93331
SC,44,92942
SC,45,92568
SC,46,92162
SC,47,91800
SC,48,91360
SC,49,90835
SC,50,90303
SC,51,89753
SC,52,89179
SC,53,88633
SC,54,88048
SC,55,87360
SC,56,86611
SC,57,85850
SC,58,85029
SC,59,84147
SC,60,83219
SC,61,82166
SC,62,81057
SC,63,79960
SC,64,78730
SC,65,77483
SC,66,76187
SC,67,74863
SC,68,73551
SC,69,72138
SC,70,70594
SC,71,68950
SC,72,67343
SC,73,65608
SC,74,63780
SC,75,61892
SC,76,59817
SC,77,57594
SC,78,55388
SC,79,52883
SC,80,50065
SC,81,47356
SC,82,44283
SC,83,41129
SC,84,37991
SC,85,34745
SC,86,31332
SC,87,27903
SC,88,24697
SC,89,21520
SC,90,18331
SC,91,15436
SC,92,12708
SC,93,10103
SC,94,7951
SC,95,6134
SC,96,4602
SC,97,3358
SC,98,2380
SC,99,1636
SC,100,1089
SD,0,100000
SD,1,99239
SD,2,99204
SD,3,99179
SD,4,99170
SD,5,99146
SD,6,99130
SD,7,99114
SD,8,99114
SD,9,99098
SD,10,99074
SD,11,99066
SD,12,99034
SD,13,99002
SD,14,98987
SD,15,98949
SD,16,98903
SD,17,98840
SD,18,98727
SD,19,98651
SD,20,98547
SD,21,98441
SD,22,98296
SD,23,98160
SD,24,98102
SD,25,97992
SD,26,97871
SD,27,97671
SD,28,97524
SD,29,97369
SD,30,97158
SD,31,96932
SD,32,96689
SD,33,96428
SD,34,96185
SD,35,96027
SD,36,95772
SD,37,95487
SD,38,95202
SD,39,94846
SD,40,94611
SD,41,94337
SD,42,94086
SD,43,93823
SD,44,93504
SD,45,93208
SD,46,92837
SD,47,92466
SD,48,92135
SD,49,91796
SD,50,91409
SD,51,90911
SD,52,90424
SD,53,90068
SD,54,89521
SD,55,88797
SD,56,88171
SD,57,87543
SD,58,86896
SD,59,86242
SD,60,85504
SD,61,84795
SD,62,83877
SD,63,83055
SD,64,82138
SD,65,81199
SD,66,80288
SD,67,79118
SD,68,78037
SD,69,76889
SD,70,75823
SD,71,74357
SD,72,72946
SD,73,71449
SD,74,69888
SD,75,67797
SD,76,65598
SD,77,63445
SD,78,61026
SD,79,58382
SD,80,55479
SD,81,52750
SD,82,49986
SD,83,47046
SD,84,43942
SD,85,40698
SD,86,37339
SD,87,33902
SD,88,30428
SD,89,26965
SD,90,23564
SD,91,20280
SD,92,17164
SD,93,14266
SD,94,11626
SD,95,9277
SD,96,7236
SD,97,5509
SD,98,4089
SD,99,2953
SD,100,2073
TN,0,100000
TN,1,99337
TN,2,99295
TN,3,99263
TN,4,99231
TN,5,99208
TN,6,99192
TN,7,99179
TN,8,99164
TN,9,99150
TN,10,99139
TN,11,99124
TN,12,99109
TN,13,99100
TN,14,99076
TN,15,99042
TN,16,99013
TN,17,98943
TN,18,98875
TN,19,98766
TN,20,98624
TN,21,98495
TN,22,98342
TN,23,98184
TN,24,98006
TN,25,97844
TN,26,97671
TN,27,97493
TN,28,97298
TN,29,97098
TN,30,96892
TN,31,96653
TN,32,96452
TN,33,96208
TN,34,95907
TN,35,95627
TN,36,95334
TN,37,95011
TN,38,94708
TN,39,94382
TN,40,94050
TN,41,93674
TN,42,93313
TN,43,92935
TN,44,92500
TN,45,92064
TN,46,91566
TN,47,91149
TN,48,90677
TN,49,90147
TN,50,89607
TN,51,89023
TN,52,88390
TN,53,87709
TN,54,87022
TN,55,86269
TN,56,85481
TN,57,84599
TN,58,83647
TN,59,82656
TN,60,81586
TN,61,80421
TN,62,79295
TN,63,78011
TN,64,76680
TN,65,75315
TN,66,73917
TN,67,72422
TN,68,70895
TN,69,69343
TN,70,67694
TN,71,65960
TN,72,64107
TN,73,62259
TN,74,60212
TN,75,58157
TN,76,55795
TN,77,53523
TN,78,50877
TN,79,48254
TN,80,45433
TN,81,42639
TN,82,39678
TN,83,36679
TN,84,33618
TN,85,30398
TN,86,27289
TN,87,24180
TN,88,21120
TN,89,18076
TN,90,15343
TN,91,12771
TN,92,10391
TN,93,8354
TN,94,6527
TN,95,4992
TN,96,3708
TN,97,2681
TN,98,1883
TN,99,1284
TN,100,849
TX,0,100000
TX,1,99413
TX,2,99367
TX,3,99335
TX,4,99313
TX,5,99294
TX,6,99278
TX,7,99265
TX,8,99255
TX,9,99242
TX,10,99231
TX,11,99219
TX,12,99202
TX,13,99189
TX,14,99170
TX,15,99143
TX,16,99107
TX,17,99061
TX,18,98995
TX,19,98908
TX,20,98817
TX,21,98720
TX,22,98614
TX,23,98522
TX,24,98411
TX,25,98298
TX,26,98183
TX,27,98065
TX,28,97937
TX,29,97810
TX,30,97669
TX,31,97542
TX,32,97393
TX,33,97239
TX,34,97087
TX,35,96926
TX,36,96755
TX,37,96581
TX,38,96381
TX,39,96194
TX,40,95985
TX,41,95775
TX,42,95537
TX,43,95304
TX,44,95048
TX,45,94784
TX,46,94513
TX,47,94216
TX,48,93886
TX,49,93538
TX,50,93180
TX,51,92783
TX,52,92333
TX,53,91870
TX,54,91389
TX,55,90845
TX,56,90244
TX,57,89617
TX,58,88901
TX,59,88132
TX,60,87298
TX,61,86408
TX,62,85467
TX,63,84449
TX,64,83365
TX,65,82196
TX,66,81000
TX,67,79713
TX,68,78365
TX,69,76934
TX,70,75373
TX,71,73759
TX,72,72058
TX,73,70277
TX,74,68352
TX,75,66325
TX,76,64142
TX,77,61965
TX,78,59503
TX,79,56873
TX,80,54096
TX,81,51165
TX,82,48166
TX,83,45060
TX,84,41768
TX,85,38418
TX,86,34917
TX,87,31427
TX,88,27918
TX,89,24477
TX,90,21140
TX,91,17954
TX,92,14939
TX,93,12157
TX,94,9683
TX,95,7560
TX,96,5772
TX,97,4293
TX,98,3106
TX,99,2182
TX,100,1487
UT,0,100000
UT,1,99514
UT,2,99471
UT,3,99454
UT,4,99431
UT,5,99423
UT,6,99399
UT,7,99385
UT,8,99376
UT,9,99368
UT,10,99353
UT,11,99344
UT,12,99329
UT,13,99324
UT,14,99306
UT,15,99272
UT,16,99236
UT,17,99198
UT,18,99145
UT,19,99085
UT,20,99033
UT,21,98933
UT,22,98847
UT,23,98786
UT,24,98710
UT,25,98650
UT,26,98570
UT,27,98476
UT,28,98379
UT,29,98285
UT,30,98189
UT,31,98100
UT,32,97998
UT,33,97909
UT,34,97757
UT,35,97583
UT,36,97404
UT,37,97239
UT,38,97074
UT,39,96915
UT,40,96727
UT,41,96514
UT,42,96325
UT,43,96133
UT,44,95942
UT,45,95668
UT,46,95460
UT,47,95214
UT,48,94936
UT,49,94647
UT,50,94322
UT,51,93980
UT,52,93654
UT,53,93327
UT,54,92926
UT,55,92521
UT,56,92046
UT,57,91533
UT,58,91032
UT,59,90413
UT,60,89755
UT,61,89045
UT,62,88318
UT,63,87669
UT,64,86852
UT,65,86037
UT,66,85176
UT,67,84145
UT,68,83025
UT,69,81853
UT,70,80616
UT,71,79270
UT,72,77765
UT,73,76299
UT,74,74541
UT,75,72744
UT,76,70546
UT,77,68438
UT,78,65917
UT,79,63091
UT,80,60126
UT,81,57093
UT,82,53734
UT,83,50292
UT,84,46678
UT,85,42397
UT,86,38253
UT,87,33880
UT,88,29813
UT,89,25766
UT,90,21908
UT,91,17909
UT,92,14314
UT,93,11267
UT,94,8636
UT,95,6269
UT,96,4489
UT,97,3106
UT,98,2074
UT,99,1334
UT,100,826
VT,0,100000
VT,1,99528
VT,2,99510
VT,3,99492
VT,4,99475
VT,5,99458
VT,6,99458
VT,7,99458
VT,8,99458
VT,9,99458
VT,10,99458
VT,11,99428
VT,12,99398
VT,13,99369
VT,14,99340
VT,15,99285
VT,16,99272
VT,17,99231
VT,18,99204
VT,19,99128
VT,20,99082
VT,21,99024
VT,22,98932
VT,23,98853
VT,24,98754
VT,25,98622
VT,26,98527
VT,27,98447
VT,28,98341
VT,29,98226
VT,30,98076
VT,31,97843
VT,32,97649
VT,33,97430
VT,34,97320
VT,35,97064
VT,36,96932
VT,37,96726
VT,38,96498
VT,39,96271
VT,40,96010
VT,41,95762
VT,42,95510
VT,43,95195
VT,44,94972
VT,45,94745
VT,46,94475
VT,47,94066
VT,48,93829
VT,49,93449
VT,50,92925
VT,51,92616
VT,52,92181
VT,53,91635
VT,54,91194
VT,55,90718
VT,56,90089
VT,57,89242
VT,58,88745
VT,59,88036
VT,60,87316
VT,61,86530
VT,62,85524
VT,63,84578
VT,64,83672
VT,65,82819
VT,66,81682
VT,67,80671
VT,68,79641
VT,69,78706
VT,70,77601
VT,71,76170
VT,72,74809
VT,73,73252
VT,74,71693
VT,75,70128
VT,76,68099
VT,77,66129
VT,78,64072
VT,79,61681
VT,80,58901
VT,81,56326
VT,82,53518
VT,83,50480
VT,84,47222
VT,85,43761
VT,86,40125
VT,87,36354
VT,88,32496
VT,89,28614
VT,90,24774
VT,91,21052
VT,92,17523
VT,93,14257
VT,94,11314
VT,95,8739
VT,96,6555
VT,97,4765
VT,98,3350
VT,99,2274
VT,100,1488
VA,0,100000
VA,1,99389
VA,2,99351
VA,3,99327
VA,4,99305
VA,5,99290
VA,6,99275
VA,7,99262
VA,8,99247
VA,9,99236
VA,10,99220
VA,11,99210
VA,12,99196
VA,13,99182
VA,14,99163
VA,15,99144
VA,16,99115
VA,17,99070
VA,18,99003
VA,19,98922
VA,20,98840
VA,21,98768
VA,22,98670
VA,23,98573
VA,24,98466
VA,25,98356
VA,26,98235
VA,27,98102
VA,28,97975
VA,29,97836
VA,30,97703
VA,31,97559
VA,32,97377
VA,33,97192
VA,34,97025
VA,35,96844
VA,36,96677
VA,37,96482
VA,38,96277
VA,39,96083
VA,40,95871
VA,41,95662
VA,42,95441
VA,43,95184
VA,44,94955
VA,45,94681
VA,46,94404
VA,47,94107
VA,48,93809
VA,49,93480
VA,50,93113
VA,51,92744
VA,52,92323
VA,53,91853
VA,54,91356
VA,55,90827
VA,56,90259
VA,57,89664
VA,58,88984
VA,59,88248
VA,60,87440
VA,61,86641
VA,62,85735
VA,63,84720
VA,64,83685
VA,65,82591
VA,66,81425
VA,67,80183
VA,68,78885
VA,69,77460
VA,70,76014
VA,71,74540
VA,72,72890
VA,73,71204
VA,74,69389
VA,75,67490
VA,76,65280
VA,77,63190
VA,78,60853
VA,79,58224
VA,80,55475
VA,81,52813
VA,82,49739
VA,83,46656
VA,84,43286
VA,85,39724
VA,86,36219
VA,87,32555
VA,88,29013
VA,89,25410
VA,90,22068
VA,91,18911
VA,92,15816
VA,93,12897
VA,94,10353
VA,95,8010
VA,96,6111
VA,97,4539
VA,98,3276
VA,99,2295
VA,100,1558
WA,0,100000
WA,1,99570
WA,2,99526
WA,3,99500
WA,4,99480
WA,5,99467
WA,6,99459
WA,7,99443
WA,8,99432
WA,9,99424
WA,10,99415
WA,11,99410
WA,12,99400
WA,13,99385
WA,14,99368
WA,15,99344
WA,16,99318
WA,17,99273
WA,18,99213
WA,19,99153
WA,20,99084
WA,21,98998
WA,22,98881
WA,23,98782
WA,24,98685
WA,25,98589
WA,26,98473
WA,27,98366
WA,28,98256
WA,29,98144
WA,30,98012
WA,31,97862
WA,32,97713
WA,33,97553
WA,34,97394
WA,35,97225
WA,36,97064
WA,37,96883
WA,38,96702
WA,39,96528
WA,40,96339
WA,41,96134
WA,42,95923
WA,43,95690
WA,44,95463
WA,45,95199
WA,46,94965
WA,47,94703
WA,48,94425
WA,49,94119
WA,50,93754
WA,51,93393
WA,52,92957
WA,53,92528
WA,54,92052
WA,55,91522
WA,56,91005
WA,57,90471
WA,58,89797
WA,59,89101
WA,60,88379
WA,61,87544
WA,62,86729
WA,63,85803
WA,64,84851
WA,65,83801
WA,66,82765
WA,67,81604
WA,68,80425
WA,69,79165
WA,70,77849
WA,71,76443
WA,72,74992
WA,73,73384
WA,74,71732
WA,75,69868
WA,76,67796
WA,77,65693
WA,78,63345
WA,79,60839
WA,80,58058
WA,81,55274
WA,82,52179
WA,83,48938
WA,84,45521
WA,85,41878
WA,86,38297
WA,87,34539
WA,88,30779
WA,89,26917
WA,90,23221
WA,91,19665
WA,92,16505
WA,93,13545
WA,94,10837
WA,95,8340
WA,96,6325
WA,97,4664
WA,98,3339
WA,99,2317
WA,100,1556
WV,0,100000
WV,1,99258
WV,2,99207
WV,3,99173
WV,4,99151
WV,5,99129
WV,6,99124
WV,7,99098
WV,8,99088
WV,9,99068
WV,10,99058
WV,11,99053
WV,12,99048
WV,13,99024
WV,14,98987
WV,15,98969
WV,16,98942
WV,17,98910
WV,18,98841
WV,19,98796
WV,20,98725
WV,21,98649
WV,22,98524
WV,23,98377
WV,24,98283
WV,25,98150
WV,26,97972
WV,27,97740
WV,28,97483
WV,29,97279
WV,30,97059
WV,31,96804
WV,32,96553
WV,33,96219
WV,34,95881
WV,35,95522
WV,36,95178
WV,37,94728
WV,38,94316
WV,39,93856
WV,40,93384
WV,41,92938
WV,42,92510
WV,43,92000
WV,44,91481
WV,45,90926
WV,46,90283
WV,47,89761
WV,48,89121
WV,49,88504
WV,50,87829
WV,51,87056
WV,52,86366
WV,53,85597
WV,54,84831
WV,55,83929
WV,56,82966
WV,57,82002
WV,58,80983
WV,59,79822
WV,60,78583
WV,61,77276
WV,62,75967
WV,63,74540
WV,64,73117
WV,65,71560
WV,66,69965
WV,67,68394
WV,68,66840
WV,69,65222
WV,70,63526
WV,71,61772
WV,72,59963
WV,73,58059
WV,74,55914
WV,75,53895
WV,76,51635
WV,77,49436
WV,78,46915
WV,79,44368
WV,80,41430
WV,81,38682
WV,82,35723
WV,83,32917
WV,84,29880
WV,85,27121
WV,86,24342
WV,87,21706
WV,88,19065
WV,89,16415
WV,90,13814
WV,91,11555
WV,92,9406
WV,93,7441
WV,94,5840
WV,95,4367
WV,96,3243
WV,97,2345
WV,98,1649
WV,99,1126
WV,100,746
WI,0,100000
WI,1,99430
WI,2,99402
WI,3,99369
WI,4,99349
WI,5,99322
WI,6,99304
WI,7,99290
WI,8,99274
WI,9,99250
WI,10,99240
WI,11,99223
WI,12,99212
WI,13,99196
WI,14,99179
WI,15,99142
WI,16,99103
WI,17,99059
WI,18,99019
WI,19,98954
WI,20,98896
WI,21,98836
WI,22,98760
WI,23,98676
WI,24,98562
WI,25,98469
WI,26,98362
WI,27,98236
WI,28,98106
WI,29,97979
WI,30,97823
WI,31,97683
WI,32,97520
WI,33,97318
WI,34,97129
WI,35,96925
WI,36,96710
WI,37,96492
WI,38,96287
WI,39,96074
WI,40,95886
WI,41,95700
WI,42,95456
WI,43,95209
WI,44,94953
WI,45,94704
WI,46,94442
WI,47,94128
WI,48,93823
WI,49,93487
WI,50,93136
WI,51,92770
WI,52,92354
WI,53,91921
WI,54,91437
WI,55,90958
WI,56,90412
WI,57,89818
WI,58,89268
WI,59,88609
WI,60,87892
WI,61,87081
WI,62,86228
WI,63,85359
WI,64,84419
WI,65,83380
WI,66,82333
WI,67,81281
WI,68,80067
WI,69,78862
WI,70,77552
WI,71,76103
WI,72,74596
WI,73,72968
WI,74,71109
WI,75,69231
WI,76,67162
WI,77,65007
WI,78,62532
WI,79,59979
WI,80,57168
WI,81,54334
WI,82,51316
WI,83,47945
WI,84,44576
WI,85,40961
WI,86,37105
WI,87,33254
WI,88,29429
WI,89,25580
WI,90,21887
WI,91,18394
WI,92,15212
WI,93,12284
WI,94,9721
WI,95,7440
WI,96,5548
WI,97,4015
WI,98,2815
WI,99,1909
WI,100,1251
WY,0,100000
WY,1,99419
WY,2,99354
WY,3,99323
WY,4,99307
WY,5,99292
WY,6,99235
WY,7,99235
WY,8,99235
WY,9,99221
WY,10,99208
WY,11,99167
WY,12,99141
WY,13,99090
WY,14,99078
WY,15,99054
WY,16,99007
WY,17,98934
WY,18,98834
WY,19,98755
WY,20,98652
WY,21,98521
WY,22,98457
WY,23,98280
WY,24,98161
WY,25,97997
WY,26,97913
WY,27,97772
WY,28,97687
WY,29,97631
WY,30,97429
WY,31,97208
WY,32,96980
WY,33,96817
WY,34,96627
WY,35,96486
WY,36,96208
WY,37,96037
WY,38,95713
WY,39,95522
WY,40,95285
WY,41,94986
WY,42,94699
WY,43,94516
WY,44,94276
WY,45,94104
WY,46,93913
WY,47,93645
WY,48,93128
WY,49,92720
WY,50,92253
WY,51,91900
WY,52,91340
WY,53,90891
WY,54,90442
WY,55,89965
WY,56,89309
WY,57,88596
WY,58,87946
WY,59,87073
WY,60,86279
WY,61,85552
WY,62,84432
WY,63,83442
WY,64,82223
WY,65,81208
WY,66,80092
WY,67,78731
WY,68,77531
WY,69,76216
WY,70,74823
WY,71,73337
WY,72,71747
WY,73,70098
WY,74,68508
WY,75,66546
WY,76,64179
WY,77,61835
WY,78,59583
WY,79,57125
WY,80,54644
WY,81,51853
WY,82,48876
WY,83,45728
WY,84,42427
WY,85,39002
WY,86,35486
WY,87,31922
WY,88,28358
WY,89,24847
WY,90,21443
WY,91,18203
WY,92,15178
WY,93,12412
WY,94,9939
WY,95,7783
WY,96,5950
WY,97,4435
WY,98,3219
WY,99,2271
WY,100,1556
USA,0,100000
USA,1,99439
USA,2,99395
USA,3,99367
USA,4,99345
USA,5,99328
USA,6,99313
USA,7,99299
USA,8,99288
USA,9,99276
USA,10,99265
USA,11,99253
USA,12,99240
USA,13,99224
USA,14,99205
USA,15,99180
USA,16,99147
USA,17,99104
USA,18,99046
USA,19,98972
USA,20,98890
USA,21,98801
USA,22,98704
USA,23,98602
USA,24,98492
USA,25,98378
USA,26,98255
USA,27,98125
USA,28,97988
USA,29,97845
USA,30,97688
USA,31,97525
USA,32,97355
USA,33,97173
USA,34,96983
USA,35,96790
USA,36,96595
USA,37,96384
USA,38,96165
USA,39,95943
USA,40,95705
USA,41,95457
USA,42,95198
USA,43,94928
USA,44,94647
USA,45,94351
USA,46,94043
USA,47,93726
USA,48,93376
USA,49,93011
USA,50,92618
USA,51,92198
USA,52,91745
USA,53,91262
USA,54,90751
USA,55,90198
USA,56,89593
USA,57,88950
USA,58,88249
USA,59,87488
USA,60,86678
USA,61,85808
USA,62,84884
USA,63,83895
USA,64,82844
USA,65,81728
USA,66,80553
USA,67,79333
USA,68,78057
USA,69,76713
USA,70,75296
USA,71,73789
USA,72,72205
USA,73,70531
USA,74,68737
USA,75,66846
USA,76,64714
USA,77,62640
USA,78,60299
USA,79,57799
USA,80,55095
USA,81,52323
USA,82,49411
USA,83,46373
USA,84,43178
USA,85,39852
USA,86,36472
USA,87,33026
USA,88,29541
USA,89,26103
USA,90,22697
USA,91,19407
USA,92,16299
USA,93,13386
USA,94,10773
USA,95,8459
USA,96,6515
USA,97,4888
USA,98,3568
USA,99,2529
USA,100,1739
France,0,100000
France,1,99617
France,2,99591
France,3,99572
France,4,99559
France,5,99551
France,6,99541
France,7,99531
France,8,99525
France,9,99518
France,10,99510
France,11,99502
France,12,99493
France,13,99486
France,14,99474
France,15,99461
France,16,99448
France,17,99429
France,18,99409
France,19,99380
France,20,99343
France,21,99304
France,22,99262
France,23,99221
France,24,99178
France,25,99133
France,26,99089
France,27,99047
France,28,99000
France,29,98951
France,30,98902
France,31,98850
France,32,98796
France,33,98736
France,34,98672
France,35,98604
France,36,98534
France,37,98456
France,38,98372
France,39,98272
France,40,98164
France,41,98056
France,42,97939
France,43,97808
France,44,97666
France,45,97520
France,46,97357
France,47,97176
France,48,96978
France,49,96760
France,50,96532
France,51,96267
France,52,95983
France,53,95665
France,54,95315
France,55,94937
France,56,94537
France,57,94100
France,58,93619
France,59,93104
France,60,92562
France,61,91946
France,62,91292
France,63,90567
France,64,89796
France,65,88966
France,66,88088
France,67,87114
France,68,86110
France,69,85064
France,70,83941
France,71,82752
France,72,81483
France,73,80156
France,74,78730
France,75,77203
France,76,75593
France,77,73830
France,78,71903
France,79,69861
France,80,67665
France,81,65280
France,82,62676
France,83,59897
France,84,56890
France,85,53624
France,86,50145
France,87,46394
France,88,42429
France,89,38215
France,90,33786
France,91,29352
France,92,25075
France,93,20939
France,94,17126
France,95,13661
France,96,10595
France,97,7973
France,98,5807
France,99,4085
France,100,2769
Sweden,0,100000
Sweden,1,99793
Sweden,2,99772
Sweden,3,99766
Sweden,4,99751
Sweden,5,99743
Sweden,6,99739
Sweden,7,99733
Sweden,8,99725
Sweden,9,99721
Sweden,10,99713
Sweden,11,99710
Sweden,12,99704
Sweden,13,99701
Sweden,14,99689
Sweden,15,99673
Sweden,16,99658
Sweden,17,99644
Sweden,18,99620
Sweden,19,99592
Sweden,20,99552
Sweden,21,99517
Sweden,22,99483
Sweden,23,99434
Sweden,24,99388
Sweden,25,99356
Sweden,26,99310
Sweden,27,99264
Sweden,28,99221
Sweden,29,99179
Sweden,30,99137
Sweden,31,99088
Sweden,32,99041
Sweden,33,98999
Sweden,34,98946
Sweden,35,98900
Sweden,36,98840
Sweden,37,98794
Sweden,38,98735
Sweden,39,98663
Sweden,40,98599
Sweden,41,98525
Sweden,42,98438
Sweden,43,98357
Sweden,44,98277
Sweden,45,98191
Sweden,46,98097
Sweden,47,98011
Sweden,48,97895
Sweden,49,97773
Sweden,50,97632
Sweden,51,97477
Sweden,52,97288
Sweden,53,97097
Sweden,54,96907
Sweden,55,96659
Sweden,56,96410
Sweden,57,96109
Sweden,58,95782
Sweden,59,95433
Sweden,60,95026
Sweden,61,94574
Sweden,62,94090
Sweden,63,93546
Sweden,64,92970
Sweden,65,92318
Sweden,66,91569
Sweden,67,90761
Sweden,68,89886
Sweden,69,88926
Sweden,70,87845
Sweden,71,86648
Sweden,72,85337
Sweden,73,83920
Sweden,74,82378
Sweden,75,80770
Sweden,76,79019
Sweden,77,77045
Sweden,78,74872
Sweden,79,72527
Sweden,80,69919
Sweden,81,67061
Sweden,82,63935
Sweden,83,60523
Sweden,84,56930
Sweden,85,53163
Sweden,86,49059
Sweden,87,44906
Sweden,88,40542
Sweden,89,36014
Sweden,90,31479
Sweden,91,26989
Sweden,92,22510
Sweden,93,18462
Sweden,94,14681
Sweden,95,11344
Sweden,96,8580
Sweden,97,6292
Sweden,98,4466
Sweden,99,3062
Sweden,100,2024
Spain,0,100000
Spain,1,99747
Spain,2,99722
Spain,3,99703
Spain,4,99690
Spain,5,99679
Spain,6,99671
Spain,7,99662
Spain,8,99655
Spain,9,99647
Spain,10,99641
Spain,11,99632
Spain,12,99626
Spain,13,99618
Spain,14,99606
Spain,15,99594
Spain,16,99581
Spain,17,99564
Spain,18,99546
Spain,19,99526
Spain,20,99502
Spain,21,99478
Spain,22,99447
Spain,23,99419
Spain,24,99393
Spain,25,99361
Spain,26,99334
Spain,27,99308
Spain,28,99280
Spain,29,99251
Spain,30,99217
Spain,31,99182
Spain,32,99148
Spain,33,99110
Spain,34,99063
Spain,35,99010
Spain,36,98962
Spain,37,98911
Spain,38,98856
Spain,39,98798
Spain,40,98733
Spain,41,98659
Spain,42,98579
Spain,43,98493
Spain,44,98398
Spain,45,98297
Spain,46,98186
Spain,47,98062
Spain,48,97934
Spain,49,97783
Spain,50,97614
Spain,51,97420
Spain,52,97196
Spain,53,96950
Spain,54,96670
Spain,55,96371
Spain,56,96036
Spain,57,95657
Spain,58,95240
Spain,59,94798
Spain,60,94300
Spain,61,93748
Spain,62,93163
Spain,63,92532
Spain,64,91840
Spain,65,91089
Spain,66,90258
Spain,67,89400
Spain,68,88474
Spain,69,87497
Spain,70,86408
Spain,71,85266
Spain,72,84033
Spain,73,82714
Spain,74,81291
Spain,75,79755
Spain,76,78047
Spain,77,76219
Spain,78,74236
Spain,79,72063
Spain,80,69671
Spain,81,67083
Spain,82,64312
Spain,83,61253
Spain,84,57936
Spain,85,54320
Spain,86,50429
Spain,87,46415
Spain,88,42132
Spain,89,37672
Spain,90,33122
Spain,91,28557
Spain,92,24125
Spain,93,19965
Spain,94,16148
Spain,95,12754
Spain,96,9787
Spain,97,7280
Spain,98,5239
Spain,99,3638
Spain,100,2434
UK,0,100000
UK,1,99614
UK,2,99590
UK,3,99575
UK,4,99565
UK,5,99556
UK,6,99547
UK,7,99539
UK,8,99533
UK,9,99527
UK,10,99519
UK,11,99513
UK,12,99505
UK,13,99496
UK,14,99484
UK,15,99473
UK,16,99459
UK,17,99442
UK,18,99418
UK,19,99389
UK,20,99356
UK,21,99322
UK,22,99282
UK,23,99246
UK,24,99205
UK,25,99166
UK,26,99126
UK,27,99080
UK,28,99033
UK,29,98985
UK,30,98931
UK,31,98874
UK,32,98813
UK,33,98746
UK,34,98674
UK,35,98599
UK,36,98520
UK,37,98434
UK,38,98338
UK,39,98230
UK,40,98106
UK,41,97978
UK,42,97833
UK,43,97678
UK,44,97529
UK,45,97364
UK,46,97172
UK,47,96965
UK,48,96737
UK,49,96496
UK,50,96235
UK,51,95945
UK,52,95634
UK,53,95298
UK,54,94953
UK,55,94567
UK,56,94159
UK,57,93718
UK,58,93231
UK,59,92717
UK,60,92170
UK,61,91580
UK,62,90947
UK,63,90238
UK,64,89474
UK,65,88634
UK,66,87735
UK,67,86738
UK,68,85665
UK,69,84475
UK,70,83228
UK,71,81877
UK,72,80423
UK,73,78853
UK,74,77191
UK,75,75387
UK,76,73430
UK,77,71315
UK,78,68982
UK,79,66435
UK,80,63740
UK,81,60815
UK,82,57644
UK,83,54238
UK,84,50703
UK,85,47040
UK,86,43169
UK,87,39160
UK,88,35075
UK,89,30961
UK,90,26869
UK,91,22838
UK,92,19000
UK,93,15467
UK,94,12291
UK,95,9549
UK,96,7224
UK,97,5308
UK,98,3782
UK,99,2608
UK,100,1738
