month,year,AGEGRP,TOT_POP,TOT_MALE,TOT_FEMALE,WA_MALE,WA_FEMALE,BA_MALE,BA_FEMALE,IA_MALE,IA_FEMALE,AA_MALE,AA_FEMALE,NA_MALE,NA_FEMALE,TOM_MALE,TOM_FEMALE,NH_MALE,NH_FEMALE,NHWA_MALE,NHWA_FEMALE,NHBA_MALE,NHBA_FEMALE,NHIA_MALE,NHIA_FEMALE,NHAA_MALE,NHAA_FEMALE,NHNA_MALE,NHNA_FEMALE,NHTOM_MALE,NHTOM_FEMALE,H_MALE,H_FEMALE,HWA_MALE,HWA_FEMALE,HBA_MALE,HBA_FEMALE,HIA_MALE,HIA_FEMALE,HAA_MALE,HAA_FEMALE,HNA_MALE,HNA_FEMALE,HTOM_MALE,HTOM_FEMALE
4,2000,0,281424600,138056128,143368472,112478128,115628370,16971838,18733033,1332962,1330889,5127697,5461425,235205,227331,1910298,1987424,119894001,126224223,95697274,99879722,16293733,18019983,1036267,1061197,5012924,5343737,185619,181484,1668184,1738100,18162127,17144249,16780854,15748648,678105,713050,296695,269692,114773,117688,49586,45847,242114,249324
4,2000,1,19176154,9810907,9365247,7518333,7138252,1485374,1439456,118709,114064,356323,351604,20996,19884,311172,301987,7910447,7547684,5795319,5492218,1401932,1359086,87519,84364,341433,337211,15092,14237,269152,260568,1900460,1817563,1723014,1646034,83442,80370,31190,29700,14890,14393,5904,5647,42020,41419
4,2000,2,20549855,10523479,10026376,8052564,7635145,1685416,1634311,130821,127592,366964,348943,22386,21390,265328,258995,8671571,8254556,6366898,6025515,1604608,1555673,99551,97058,353528,335845,16652,15972,230334,224493,1851908,1771820,1685666,1609630,80808,78638,31270,30534,13436,13098,5734,5418,34994,34502
4,2000,3,20528425,10520392,10008033,8137785,7704715,1634707,1586564,134512,129560,368050,347389,21589,20433,223749,219372,8903186,8461786,6663521,6297884,1565771,1519617,105337,100886,356673,336356,16758,15841,195126,191202,1617206,1546247,1474264,1406831,68936,66947,29175,28674,11377,11033,4831,4592,28623,28170
4,2000,4,20218782,10390766,9828016,8124128,7620729,1529775,1493834,129327,121781,395846,380159,22713,20904,188977,190609,8702194,8344916,6570813,6265305,1464696,1431877,99501,95361,384908,369629,17673,16562,164603,166182,1688572,1483100,1553315,1355424,65079,61957,29826,26420,10938,10530,5040,4342,24374,24427
4,2000,5,18962964,9687506,9275458,7651430,7174456,1329259,1399486,113360,104279,424576,423725,23991,21550,144890,151962,7812346,7741172,5912529,5768755,1262782,1332136,82299,79847,413128,412654,18174,17050,123434,130730,1875160,1534286,1738901,1405701,66477,67350,31061,24432,11448,11071,5817,4500,21456,21232
4,2000,6,19381792,9799097,9582695,7789718,7427716,1256758,1388047,105356,98898,501571,517700,21720,19810,123974,130524,7972913,8023489,6085970,5991020,1197184,1322138,76643,76208,490960,507074,16587,15566,105569,111483,1826184,1559206,1703748,1436696,59574,65909,28713,22690,10611,10626,5133,4244,18405,19041
4,2000,7,20511067,10322266,10188801,8325603,8023216,1283536,1426524,103140,99217,477893,502145,19805,18896,112289,118803,8654166,8731936,6770773,6680356,1227289,1365598,76775,77188,468395,492269,15487,15015,95447,101510,1668100,1456865,1554830,1342860,56247,60926,26365,22029,9498,9876,4318,3881,16842,17293
4,2000,8,22707390,11319210,11388180,9257089,9114425,1368360,1541871,108072,109304,453935,483196,19112,18907,112642,120477,9844714,10037454,7884173,7868388,1318105,1487128,83484,87649,445331,474060,15481,15313,98140,104916,1474496,1350726,1372916,1246037,50255,54743,24588,21655,8604,9136,3631,3594,14502,15561
4,2000,9,22442442,11129514,11312928,9196313,9150030,1300895,1470748,98983,103055,411523,458845,16596,16096,105204,114154,9950935,10187309,8101171,8112164,1259581,1424833,78674,84776,404365,451180,13815,13358,93329,100998,1178579,1125619,1095142,1037866,41314,45915,20309,18279,7158,7665,2781,2738,11875,13156
4,2000,10,20092711,9889711,10203000,8268304,8346554,1082330,1247711,82517,86550,356185,413325,13156,13364,87219,95496,9003004,9314516,7446161,7526505,1049554,1211706,67531,72548,350708,407218,11086,11341,77964,85198,886707,888484,822143,820049,32776,36005,14986,14002,5477,6107,2070,2023,9255,10298
4,2000,11,17585824,8607914,8977910,7314657,7478966,849804,995799,66341,68887,296299,344676,10495,10509,70318,79073,7943656,8281199,6697060,6832955,825940,968832,55884,58921,292342,340291,9022,9005,63408,71195,664258,696711,617597,646011,23864,26967,10457,9966,3957,4385,1473,1504,6910,7878
4,2000,12,13469425,6508835,6960590,5597391,5881319,599856,731897,46176,48690,208107,235134,7270,7420,50035,56130,6052659,6456713,5170786,5410819,584299,713778,39758,42239,205698,232241,6354,6427,45764,51209,456176,503877,426605,470500,15557,18119,6418,6451,2409,2893,916,993,4271,4921
4,2000,13,10805575,5136708,5668867,4419581,4794083,477366,605047,33818,36472,163710,186210,5326,5713,36907,41342,4789292,5265866,4093838,4417048,465460,590183,29420,31799,161942,184044,4662,4993,33970,37799,347416,403001,325743,377035,11906,14864,4398,4673,1768,2166,664,720,2937,3543
4,2000,14,9533651,4400429,5133222,3842875,4395519,380078,515262,23840,27812,121819,157415,4039,4346,27778,32868,4132233,4802041,3590193,4084450,371531,503724,20737,24185,120590,155756,3586,3749,25596,30177,268196,331181,252682,311069,8547,11538,3103,3627,1229,1659,453,597,2182,2691
4,2000,15,8857533,3902969,4954564,3471737,4327177,295962,445559,16916,21203,94419,129696,2652,3324,21283,27605,3697268,4682984,3277018,4071383,289851,436430,14751,18385,93564,128359,2332,2911,19752,25516,205701,271580,194719,255794,6111,9129,2165,2818,855,1337,320,413,1531,2089
4,2000,16,7415910,3044493,4371417,2739458,3894498,209330,347389,11122,15501,68316,90365,1649,2223,14618,21441,2909026,4180149,2610961,3714054,205532,341017,9699,13613,67782,89521,1420,1948,13632,19996,135467,191268,128497,180444,3798,6372,1423,1888,534,844,229,275,986,1445
4,2000,17,4945426,1834916,3110510,1665944,2799990,117322,232937,5705,9490,36933,52640,964,1356,8048,14097,1766995,2998890,1601652,2694746,115329,229097,4996,8483,36654,52162,814,1173,7550,13229,67921,111620,64292,105244,1993,3840,709,1007,279,478,150,183,498,868
4,2000,18,2789863,876514,1913349,794561,1730321,57266,142621,2815,5551,17411,25890,465,736,3996,8230,843487,1847954,763344,1668549,56320,140399,2475,4982,17234,25649,389,632,3725,7743,33027,65395,31217,61772,946,2222,340,569,177,241,76,104,271,487
4,2000,19,1112563,282329,830234,252973,754012,20735,61729,1004,2129,6078,8920,185,317,1354,3127,270058,803825,241350,729031,20433,60848,867,1936,5992,8809,154,263,1262,2938,12271,26409,11623,24981,302,881,137,193,86,111,31,54,92,189
4,2000,20,286794,58116,228678,50006,203611,5962,20688,302,660,1449,2749,50,104,347,866,54751,221063,46885,196441,5837,20413,263,605,1425,2720,43,87,298,797,3365,7615,3121,7170,125,275,39,55,24,29,7,17,49,69
4,2000,21,50454,10057,40397,7678,33636,1747,5553,126,194,290,699,46,49,170,266,9100,38721,6859,32136,1699,5470,103,164,272,689,38,41,129,221,957,1676,819,1500,48,83,23,30,18,10,8,8,41,45
7,2000,0,282162411,138443407,143719004,112710885,115819594,17027514,18787192,1343592,1340899,5182557,5523282,237674,229665,1941185,2018372,120101363,126399163,95778530,99923222,16340639,18065161,1038554,1063415,5065475,5403284,187229,182995,1690936,1761086,18342044,17319841,16932355,15896372,686875,722031,305038,277484,117082,119998,50445,46670,250249,257286
7,2000,1,19178293,9810619,9367674,7512002,7134464,1481272,1436101,119146,114456,360487,355346,21199,20087,316513,307220,7894877,7535744,5776151,5476450,1397626,1355506,87237,84134,345357,340680,15200,14319,273306,264655,1915742,1831930,1735851,1658014,83646,80595,31909,30322,15130,14666,5999,5768,43207,42565
7,2000,2,20463852,10479357,9984495,8013510,7598091,1676146,1624457,130336,126973,368297,351558,22446,21404,268622,262012,8620121,8205802,6322439,5983430,1594768,1545215,98630,96033,354708,338241,16632,15945,232944,226938,1859236,1778693,1691071,1614661,81378,79242,31706,30940,13589,13317,5814,5459,35678,35074
7,2000,3,20637696,10574642,10063054,8169219,7737138,1648064,1600223,135815,131018,371502,350455,21809,20702,228233,223518,8933127,8493496,6674449,6310554,1577668,1531983,105717,101401,359803,339180,16901,15998,198589,194380,1641515,1569558,1494770,1426584,70396,68240,30098,29617,11699,11275,4908,4704,29644,29138
7,2000,4,20294955,10440023,9854932,8157921,7637919,1537290,1497210,130811,123127,398640,381772,22709,20977,192652,193927,8738262,8359950,6593951,6272963,1471698,1434706,99907,95883,387556,371107,17649,16581,167501,168710,1701761,1494982,1563970,1364956,65592,62504,30904,27244,11084,10665,5060,4396,25151,25217
7,2000,5,19116667,9766853,9349814,7705744,7226683,1343238,1410847,115358,105360,429513,429482,24505,21918,148495,155524,7874823,7800813,5953817,5809006,1275328,1342570,83185,80220,417771,418172,18553,17313,126169,133532,1892030,1549001,1751927,1417677,67910,68277,32173,25140,11742,11310,5952,4605,22326,21992
7,2000,6,19280263,9747890,9532373,7738412,7376087,1251271,1382601,105702,99039,505427,522623,21981,19963,125097,132060,7909459,7960493,6024915,5929296,1191007,1315820,76214,75691,494641,511821,16738,15660,105944,112205,1838431,1571880,1713497,1446791,60264,66781,29488,23348,10786,10802,5243,4303,19153,19855
7,2000,7,20524234,10329041,10195193,8325797,8020946,1281123,1425202,103433,99976,484463,509329,19975,19100,114250,120640,8646698,8723947,6759150,6666450,1224207,1363357,76416,77053,474680,499253,15595,15159,96650,102675,1682343,1471246,1566647,1354496,56916,61845,27017,22923,9783,10076,4380,3941,17600,17965
7,2000,8,22650852,11293101,11357751,9226643,9079367,1367330,1541240,108493,109637,457694,486832,19231,18980,113710,121695,9805522,9994606,7842746,7823173,1316441,1485836,83248,87186,448963,477534,15500,15324,98624,105553,1487579,1363145,1383897,1256194,50889,55404,25245,22451,8731,9298,3731,3656,15086,16142
7,2000,9,22517991,11166435,11351556,9218865,9173161,1308390,1478838,99934,104168,415754,463285,16886,16341,106606,115763,9970146,10209283,8107805,8120603,1266443,1432258,79080,85297,408454,455432,14048,13543,94316,102150,1196289,1142273,1111060,1052558,41947,46580,20854,18871,7300,7853,2838,2798,12290,13613
7,2000,10,20219527,9953393,10266134,8317739,8394489,1090370,1256391,83422,87478,359909,417153,13238,13541,88715,97082,9054062,9366030,7484506,7564313,1057070,1219806,67950,73092,354320,410957,11145,11473,79071,86389,899331,900104,833233,830176,33300,36585,15472,14386,5589,6196,2093,2068,9644,10693
7,2000,11,17779447,8703385,9076062,7387374,7551829,864122,1010660,67598,70070,301819,352193,10735,10698,71737,80612,8026715,8366492,6758855,6894538,839683,982991,56725,59745,297736,347653,9209,9151,64507,72414,676670,709570,628519,657291,24439,27669,10873,10325,4083,4540,1526,1547,7230,8198
7,2000,12,13565937,6557328,7008609,5636907,5918130,604275,737000,46646,49346,211410,239572,7360,7555,50730,57006,6093924,6497778,5203837,5441509,588422,718560,40026,42655,208923,236600,6435,6548,46281,51906,463404,510831,433070,476621,15853,18440,6620,6691,2487,2972,925,1007,4449,5100
7,2000,13,10863129,5166923,5696206,4442683,4815543,480447,607574,34340,36845,166476,188668,5462,5794,37515,41782,4815298,5289038,4113240,4434775,468329,592538,29805,32087,164660,186452,4769,5053,34495,38133,351625,407168,329443,380768,12118,15036,4535,4758,1816,2216,693,741,3020,3649
7,2000,14,9523909,4398477,5125432,3837253,4383889,381909,517031,24097,28157,123215,158846,4040,4370,27963,33139,4128090,4791498,3582594,4070395,373258,505346,20930,24434,121970,157156,3582,3773,25756,30394,270387,333934,254659,313494,8651,11685,3167,3723,1245,1690,458,597,2207,2745
7,2000,15,8860028,3910134,4949894,3475864,4319832,297545,446138,17181,21405,95361,131346,2713,3392,21470,27781,3701659,4675156,3278664,4061136,291291,436917,14931,18500,94483,129994,2389,2963,19901,25646,208475,274738,197200,258696,6254,9221,2250,2905,878,1352,324,429,1569,2135
7,2000,16,7438619,3056882,4381737,2748935,3900101,210957,350296,11225,15619,69335,91789,1652,2245,14778,21687,2919183,4187359,2618319,3716752,207123,343852,9781,13679,68780,90913,1428,1964,13752,20199,137699,194378,130616,183349,3834,6444,1444,1940,555,876,224,281,1026,1488
7,2000,17,4984540,1853013,3131527,1682133,2818002,118268,234357,5836,9639,37617,53879,988,1381,8171,14269,1783581,3017438,1616431,2710505,116217,230374,5100,8608,37334,53385,835,1196,7664,13370,69432,114089,65702,107497,2051,3983,736,1031,283,494,153,185,507,899
7,2000,18,2806405,884531,1921874,802498,1738503,57097,142254,2783,5559,17642,26479,465,745,4046,8334,851174,1855925,770968,1676236,56142,140008,2437,4977,17466,26238,387,641,3774,7825,33357,65949,31530,62267,955,2246,346,582,176,241,78,104,272,509
7,2000,19,1118191,283565,834626,254016,757359,20742,62380,1014,2176,6242,9215,183,318,1368,3178,271136,807709,242253,731911,20432,61477,875,1977,6156,9097,153,261,1267,2986,12429,26917,11763,25448,310,903,139,199,86,118,30,57,101,192
7,2000,20,287595,57980,229615,49891,204379,5927,20846,296,660,1465,2751,54,105,347,874,54623,221865,46780,197074,5801,20576,256,600,1442,2721,45,90,299,804,3357,7750,3111,7305,126,270,40,60,23,30,9,15,48,70
7,2000,21,50281,9835,40446,7479,33682,1731,5546,126,191,289,709,43,49,167,269,8883,38741,6660,32153,1685,5465,104,163,272,698,36,40,126,222,952,1705,819,1529,46,81,22,28,17,11,7,9,41,47
7,2001,0,284968955,139891492,145077463,113534140,116515056,17249678,19013351,1386766,1382965,5404575,5777829,247992,239484,2068341,2148778,120806379,127018480,95977450,99997363,16526760,18253520,1047311,1072618,5277648,5648205,193807,189475,1783403,1857299,19085113,18058983,17556690,16517693,722918,759831,339455,310347,126927,129624,54185,50009,284938,291479
7,2001,1,19298217,9866776,9431441,7528936,7159582,1478416,1434473,120692,116315,376908,370319,22012,20931,339812,329821,7870054,7521152,5722028,5433232,1393457,1352364,86572,83622,360860,354806,15742,14839,291395,282289,1996722,1910289,1806908,1726350,84959,82109,34120,32693,16048,15513,6270,6092,48417,47532
7,2001,2,20173362,10329064,9844298,7884914,7474571,1632788,1583274,129103,125086,376651,363697,22578,21535,283030,276135,8440076,8036672,6173031,5838695,1549125,1502025,95062,92295,362190,349717,16509,15849,244159,238091,1888988,1807626,1711883,1635876,83663,81249,34041,32791,14461,13980,6069,5686,38871,38044
7,2001,3,20978678,10747209,10231469,8257400,7823863,1697688,1647778,140376,136401,383258,361466,22796,21662,245691,240299,9011865,8571373,6683727,6321616,1621717,1573992,106678,102996,370426,349082,17447,16583,211870,207104,1735344,1660096,1573673,1502247,75971,73786,33698,33405,12832,12384,5349,5079,33821,33195
7,2001,4,20456284,10547387,9908897,8213504,7658257,1561386,1508044,137462,128113,405200,386527,23162,21322,206673,206634,8799036,8369127,6614137,6258016,1493311,1443719,102230,97295,393492,375223,17918,16680,177948,178194,1748351,1539770,1599367,1400241,68075,64325,35232,30818,11708,11304,5244,4642,28725,28440
7,2001,5,19757286,10080336,9676950,7917075,7457107,1397807,1459131,122082,110592,454395,456023,26073,23350,162904,170747,8123368,8067026,6114885,5990134,1324757,1386594,85427,82605,441443,443669,19598,18427,137258,145597,1956968,1609924,1802190,1466973,73050,72537,36655,27987,12952,12354,6475,4923,25646,25150
7,2001,6,18819347,9516234,9303113,7517110,7151773,1218674,1350308,106973,99857,520478,541846,23154,20900,129845,138429,7626291,7684763,5763520,5669256,1155117,1280135,74034,73508,508814,530293,17345,16239,107461,115332,1889943,1618350,1753590,1482517,63557,70173,32939,26349,11664,11553,5809,4661,22384,23097
7,2001,7,20652175,10388245,10263930,8345158,8038604,1282174,1432929,105873,103202,511592,540093,20829,19901,122619,129201,8647927,8725849,6730217,6629341,1222627,1366940,76118,76693,500897,528979,16118,15602,101950,108294,1740318,1538081,1614941,1409263,59547,65989,29755,26509,10695,11114,4711,4299,20669,20907
7,2001,8,22235918,11094408,11141510,9013692,8850570,1360262,1530840,109738,110607,474089,504085,19777,19401,116850,126007,9548766,9724154,7580465,7549637,1306447,1472376,81939,84962,464736,494156,15757,15485,99422,107538,1545642,1417356,1433227,1300933,53815,58464,27799,25645,9353,9929,4020,3916,17428,18469
7,2001,9,22815834,11314915,11500919,9319382,9271415,1332991,1506204,103709,108353,428394,476053,17790,17210,112649,121684,10051410,10295078,8149002,8163385,1288688,1456890,80364,86866,420270,467484,14635,14168,98451,106285,1263505,1205841,1170380,1108030,44303,49314,23345,21487,8124,8569,3155,3042,14198,15399
7,2001,10,20698983,10193034,10505949,8490069,8561662,1128174,1296027,87461,91982,378454,437799,14005,14365,94871,104114,9236281,9550306,7606170,7682919,1092547,1256802,69786,75759,372327,430952,11748,12083,83703,91791,956753,955643,883899,878743,35627,39225,17675,16223,6127,6847,2257,2282,11168,12323
7,2001,11,18687285,9146153,9541132,7733209,7904934,928915,1083019,72584,75396,321954,379277,11439,11499,78052,87007,8418497,8782784,7059600,7205005,902242,1053054,60109,63467,317310,374145,9754,9795,69482,77318,727656,758348,673609,699929,26673,29965,12475,11929,4644,5132,1685,1704,8570,9689
7,2001,12,13968975,6759579,7209396,5797195,6070798,626389,760275,49146,51913,224911,257372,7926,8107,54012,60931,6264026,6663689,5335442,5563250,609246,740162,41524,44241,222144,254057,6882,7002,48788,54977,495553,545707,461753,507548,17143,20113,7622,7672,2767,3315,1044,1105,5224,5954
7,2001,13,11136320,5302150,5834170,4552816,4925433,491076,620047,36166,38591,176624,199838,5851,6126,39617,44135,4934859,5410823,4209520,4530252,478332,604417,31081,33343,174633,197461,5098,5317,36195,40033,367291,423347,343296,395181,12744,15630,5085,5248,1991,2377,753,809,3422,4102
7,2001,14,9562233,4427615,5134618,3843599,4370581,393522,529462,25423,29556,131509,166010,4191,4566,29371,34443,4146877,4787726,3579882,4045767,384211,516994,21956,25465,130123,164183,3725,3950,26980,31367,280738,346892,263717,324814,9311,12468,3467,4091,1386,1827,466,616,2391,3076
7,2001,15,8821946,3913438,4908508,3471372,4271149,299403,445954,17931,22031,99690,137413,2909,3510,22133,28451,3695855,4622675,3266019,4002513,292794,436257,15383,18848,98744,135962,2558,3035,20357,26060,217583,285833,205353,268636,6609,9697,2548,3183,946,1451,351,475,1776,2391
7,2001,16,7455413,3077254,4378159,2760736,3880551,215155,357794,11694,16152,72552,98617,1738,2416,15379,22629,2931190,4172167,2622322,3686588,211043,350989,10138,13984,71925,97597,1504,2121,14258,20888,146064,205992,138414,193963,4112,6805,1556,2168,627,1020,234,295,1121,1741
7,2001,17,5138205,1926631,3211574,1748294,2887089,121580,239689,6176,10142,40819,58344,1010,1419,8752,14891,1850462,3087948,1676313,2770786,119323,235353,5304,8925,40529,57823,848,1226,8145,13835,76169,123626,71981,116303,2257,4336,872,1217,290,521,162,193,607,1056
7,2001,18,2846666,907745,1938921,825967,1754522,55827,140297,2785,5580,18556,29071,485,792,4125,8659,873173,1871014,793332,1690485,54822,137986,2420,4975,18373,28799,401,680,3825,8089,34572,67907,32635,64037,1005,2311,365,605,183,272,84,112,300,570
7,2001,19,1132118,287793,844325,258366,765712,20064,62206,1023,2297,6720,10348,179,321,1441,3441,275052,815686,246343,738700,19718,61213,880,2058,6627,10228,149,267,1335,3220,12741,28639,12023,27012,346,993,143,239,93,120,30,54,106,221
7,2001,20,285256,56598,228658,48657,204084,5723,20065,266,620,1527,2924,54,104,371,861,53255,220641,45557,196505,5611,19809,222,560,1504,2891,43,89,318,787,3343,8017,3100,7579,112,256,44,60,23,33,11,15,53,74
7,2001,21,48454,8928,39526,6689,32799,1664,5535,103,179,294,707,34,47,144,259,8059,37827,5938,31281,1625,5449,84,151,281,698,28,38,103,210,869,1699,751,1518,39,86,19,28,13,9,6,9,41,49
7,2002,0,287625193,141230559,146394634,114269447,117177468,17454795,19229855,1431081,1426032,5619624,6029641,258009,249256,2197603,2282382,121412514,127595059,96101267,100039273,16697032,18433029,1055340,1081578,5482580,5889918,200158,195931,1876137,1955330,19818045,18799575,18168180,17138195,757763,796826,375741,344454,137044,139723,57851,53325,321466,327052
7,2002,1,19429192,9931542,9497650,7557739,7190275,1472519,1430699,122852,118605,392138,384294,22751,21825,363543,351952,7849285,7502956,5674241,5388204,1387843,1348706,86233,83515,375304,368104,16276,15481,309388,298946,2082257,1994694,1883498,1802071,84676,81993,36619,35090,16834,16190,6475,6344,54155,53006
7,2002,2,19872417,10172682,9699735,7750395,7348498,1590654,1541074,127832,123451,382871,374086,22682,21643,298248,290983,8261938,7872571,6025980,5701157,1504470,1457880,91570,88605,367555,359318,16372,15731,255991,249880,1910744,1827164,1724415,1647341,86184,83194,36262,34846,15316,14768,6310,5912,42257,41103
7,2002,3,21261421,10889999,10371422,8323239,7889100,1738432,1686982,144661,141572,396839,373761,23820,22564,263008,257443,9059822,8620326,6669510,6310809,1657133,1607802,107341,104374,382822,360258,18096,17103,224920,219980,1830177,1751096,1653729,1578291,81299,79180,37320,37198,14017,13503,5724,5461,38088,37463
7,2002,4,20610370,10628491,9981879,8245921,7688268,1583526,1527374,143357,132815,411256,391916,23653,21767,220778,219739,8840589,8395937,6619255,6253319,1512399,1459848,103804,98329,398697,379728,18149,16853,188285,187860,1787902,1585942,1626666,1434949,71127,67526,39553,34486,12559,12188,5504,4914,32493,31879
7,2002,5,20243765,10327520,9916245,8075483,7619405,1441991,1491608,128433,115239,477513,479228,27251,24530,176849,186235,8307254,8248497,6223611,6104999,1364618,1415937,87295,84392,463590,465884,20292,19325,147848,157960,2020266,1667748,1851872,1514406,77373,75671,41138,30847,13923,13344,6959,5205,29001,28275
7,2002,6,18691340,9442754,9248586,7435413,7078187,1206384,1341744,110188,102448,529652,557326,24645,22001,136472,146880,7501583,7580908,5643694,5558587,1138850,1267487,73286,72713,516886,544888,18273,16929,110594,120304,1941171,1667678,1791719,1519600,67534,74257,36902,29735,12766,12438,6372,5072,25878,26576
7,2002,7,20658306,10388113,10270193,8298153,7989362,1286245,1440450,108519,106339,542638,575232,21690,20603,130868,138207,8583327,8664315,6629188,6524435,1223764,1370268,75803,76238,530979,563110,16583,15981,107010,114283,1804786,1605878,1668965,1464927,62481,70182,32716,30101,11659,12122,5107,4622,23858,23924
7,2002,8,21751218,10847772,10903446,8774967,8613747,1337985,1508567,109973,111476,485486,520336,20012,19848,119349,129472,9259472,9439157,7307038,7275004,1281936,1447424,79577,82639,475487,509760,15776,15707,99658,108623,1588300,1464289,1467929,1338743,56049,61143,30396,28837,9999,10576,4236,4141,19691,20849
7,2002,9,22889431,11353422,11536009,9322293,9269973,1345323,1519666,107185,111322,442417,489755,18665,18099,117539,127194,10022147,10267692,8092053,8107528,1298706,1467739,81167,87379,433569,480330,15161,14754,101491,109962,1331275,1268317,1230240,1162445,46617,51927,26018,23943,8848,9425,3504,3345,16048,17232
7,2002,10,21252288,10466497,10785791,8683634,8758985,1177809,1346426,92243,96775,395957,456967,14869,15140,101985,111498,9445199,9768306,7742685,7826069,1139748,1304181,72100,78519,389164,449539,12452,12614,89050,97384,1021298,1017485,940949,932916,38061,42245,20143,18256,6793,7428,2417,2526,12935,14114
7,2002,11,18739906,9168094,9571812,7698600,7867581,963434,1123954,74986,78629,337499,399123,12158,12204,81417,90321,8400562,8774945,6990660,7134466,934717,1092019,60996,65132,332431,393478,10269,10405,71489,79445,767532,796867,707940,733115,28717,31935,13990,13497,5068,5645,1889,1799,9928,10876
7,2002,12,15143067,7341077,7801990,6300091,6574388,673892,811373,54181,56851,244223,282636,8529,8785,60161,67957,6801289,7210394,5798886,6025972,654901,789208,45163,47898,240998,278882,7385,7533,53956,60901,539788,591596,501205,548416,18991,22165,9018,8953,3225,3754,1144,1252,6205,7056
7,2002,13,11560265,5508597,6051668,4729089,5106015,505652,638656,38208,40656,187215,212982,6186,6477,42247,46882,5124090,5609104,4370344,4693593,492312,622325,32561,34866,185062,210397,5398,5598,38413,42325,384507,442564,358745,412422,13340,16331,5647,5790,2153,2585,788,879,3834,4557
7,2002,14,9638481,4474667,5163814,3869446,4380845,402469,537703,26873,30690,140703,173947,4404,4785,30772,35844,4182474,4802971,3595907,4043885,392499,524460,22950,26134,139169,171946,3894,4154,28055,32392,292193,360843,273539,336960,9970,13243,3923,4556,1534,2001,510,631,2717,3452
7,2002,15,8750054,3897210,4852844,3445689,4206251,302900,447845,18626,22955,104057,143070,3079,3585,22859,29138,3671877,4556392,3233371,3928136,295981,437706,15874,19472,103033,141494,2698,3079,20920,26505,225333,296452,212318,278115,6919,10139,2752,3483,1024,1576,381,506,1939,2633
7,2002,16,7470461,3101769,4368692,2778590,3858362,217740,363056,12113,16780,75595,104656,1836,2594,15895,23244,2948369,4152096,2633463,3654683,213354,355835,10371,14357,74914,103568,1592,2275,14675,21378,153400,216596,145127,203679,4386,7221,1742,2423,681,1088,244,319,1220,1866
7,2002,17,5294403,1998991,3295412,1811538,2958260,125864,245906,6661,10669,44613,63384,1014,1503,9301,15690,1914964,3161140,1732127,2832065,123409,241219,5677,9279,44279,62766,854,1301,8618,14510,84027,134272,79411,126195,2455,4687,984,1390,334,618,160,202,683,1180
7,2002,18,2886374,931697,1954677,848954,1767923,55303,139724,2780,5585,19835,31673,489,803,4336,8969,895904,1884989,815215,1702303,54230,137362,2393,4924,19652,31368,403,686,4011,8346,35793,69688,33739,65620,1073,2362,387,661,183,305,86,117,325,623
7,2002,19,1149716,295083,854633,265606,774689,19526,62184,1080,2386,7211,11448,193,351,1467,3575,281849,824211,253145,746038,19155,61105,916,2120,7119,11330,164,296,1350,3322,13234,30422,12461,28651,371,1079,164,266,92,118,29,55,117,253
7,2002,20,285775,56387,229388,48555,205301,5543,19353,244,624,1620,3095,53,105,372,910,53113,221094,45517,197486,5440,19086,195,553,1596,3054,45,91,320,824,3274,8294,3038,7815,103,267,49,71,24,41,8,14,52,86
7,2002,21,46943,8195,38748,6052,32053,1604,5511,86,165,286,726,30,44,137,249,7407,37058,5377,30535,1567,5432,68,140,274,716,26,35,95,200,788,1690,675,1518,37,79,18,25,12,10,4,9,42,49
7,2003,0,290107933,142428897,147679036,114897973,117819218,17631747,19434349,1476657,1470918,5825262,6274263,267434,258956,2329824,2421332,121910556,128147948,96155748,100077012,16839027,18599224,1062183,1089944,5677382,6123659,205842,202190,1970374,2055919,20518341,19531088,18742225,17742206,792720,835125,414474,380974,147880,150604,61592,56766,359450,365413
7,2003,1,19592446,10013119,9579327,7600078,7235472,1464626,1423795,125720,121888,411208,400808,23764,22819,387723,374545,7841804,7496707,5639510,5356717,1378866,1340955,85951,83513,393206,383584,16902,16124,327369,315814,2171315,2082620,1960568,1878755,85760,82840,39769,38375,18002,17224,6862,6695,60354,58731
7,2003,2,19620851,10039604,9581247,7635513,7242907,1549841,1502638,127918,122995,387456,382659,22968,21787,315908,308261,8108465,7734898,5900153,5585874,1461609,1417203,89222,85982,371293,367019,16449,15629,269739,263191,1931139,1846349,1735360,1657033,88232,85435,38696,37013,16163,15640,6519,6158,46169,45070
7,2003,3,21415353,10970478,10444875,8343218,7906415,1767324,1711713,147527,144929,407140,384046,24524,23330,280745,274442,9053721,8611054,6618054,6259957,1680571,1627557,106488,103943,391978,369439,18423,17523,238207,232635,1916757,1833821,1725164,1646458,86753,84156,41039,40986,15162,14607,6101,5807,42538,41807
7,2003,4,20797166,10710599,10086567,8271557,7732673,1610333,1559274,148472,137210,421073,400483,24337,22533,234827,234394,8879042,8446572,6614397,6256800,1535385,1487606,104594,98957,407538,387230,18603,17316,198525,198663,1831557,1639995,1657160,1475873,74948,71668,43878,38253,13535,13253,5734,5217,36302,35731
7,2003,5,20591688,10497965,10093723,8177688,7737584,1471603,1512955,135303,121090,495678,496568,27943,25325,189750,200201,8431655,8375813,6291610,6183261,1391741,1434821,89678,86911,480797,482461,20547,19801,157282,168558,2066310,1717910,1886078,1554323,79862,78134,45625,34179,14881,14107,7396,5524,32468,31643
7,2003,6,18771585,9464481,9307104,7441146,7104917,1204428,1345328,113610,105453,535026,570971,25825,23187,144446,157248,7476092,7595846,5615789,5554151,1132460,1266944,72698,72423,521180,557449,18917,17740,115048,127139,1988389,1711258,1825357,1550766,71968,78384,40912,33030,13846,13522,6908,5447,29398,30109
7,2003,7,20472210,10278392,10193818,8164476,7878282,1277350,1437061,111161,109307,565043,601056,22544,21257,137818,146855,8424380,8528498,6456294,6365600,1212561,1363099,75065,75620,552421,588079,17066,16320,110973,119780,1854012,1665320,1708182,1512682,64789,73962,36096,33687,12622,12977,5478,4937,26845,27075
7,2003,8,21264159,10604058,10660101,8541128,8374454,1313584,1483319,110191,112244,496487,537130,20249,20087,122419,132867,8969222,9148285,7034887,6996997,1255495,1419788,77020,80211,485747,525782,15725,15726,100348,109781,1634836,1511816,1506241,1377457,58089,63531,33171,32033,10740,11348,4524,4361,22071,23086
7,2003,9,22890047,11343445,11546602,9278446,9238666,1354098,1533534,110350,114079,459302,508393,19307,19133,121942,132797,9948513,10213061,7992913,8019990,1304776,1478499,81574,87427,449679,498155,15570,15474,104001,113516,1394932,1333541,1285533,1218676,49322,55035,28776,26652,9623,10238,3737,3659,17941,19281
7,2003,10,21722676,10705411,11017265,8848634,8916101,1221777,1390758,97190,101280,413729,475037,15807,15801,108274,118288,9622082,9942597,7853181,7933781,1181506,1345667,74469,80777,406253,466928,13147,13096,93526,102348,1083329,1074668,995453,982320,40271,45091,22721,20503,7476,8109,2660,2705,14748,15940
7,2003,11,19097278,9337624,9759654,7808304,7987045,998868,1163988,78428,82554,352719,417727,12737,13013,86568,95327,8526526,8918316,7062777,7215859,967994,1129688,62525,67252,347185,411479,10690,11048,75355,82990,811098,841338,745527,771186,30874,34300,15903,15302,5534,6248,2047,1965,11213,12337
7,2003,12,15814557,7672601,8141956,6555669,6826576,718656,859694,58301,61135,265916,311808,9220,9423,64839,73320,7090482,7507136,6016801,6239608,698002,835745,47859,50976,262221,307628,7945,8020,57654,65159,582119,634820,538868,586968,20654,23949,10442,10159,3695,4180,1275,1403,7185,8161
7,2003,13,12194388,5816925,6377463,5000726,5387570,526421,663665,40634,43208,197177,225782,6569,6767,45398,50471,5412226,5910498,4624086,4953342,512186,646380,34273,36704,194851,222903,5729,5851,41101,45318,404699,466965,376640,434228,14235,17285,6361,6504,2326,2879,840,916,4297,5153
7,2003,14,9830796,4577090,5253706,3948960,4449531,412333,547712,28484,32119,150190,181592,4630,5135,32493,37617,4269878,4876512,3661998,4098177,401717,533671,24138,27021,148499,179418,4083,4450,29443,33775,307212,377194,286962,351354,10616,14041,4346,5098,1691,2174,547,685,3050,3842
7,2003,15,8670119,3875623,4794496,3411295,4134859,308805,452678,19419,23921,109238,149353,3236,3718,23630,29967,3644163,4489440,3193886,3849297,301434,442110,16396,20127,108126,147677,2817,3180,21504,27049,231460,305056,217409,285562,7371,10568,3023,3794,1112,1676,419,538,2126,2918
7,2003,16,7497842,3131860,4365982,2802190,3843453,219825,367229,12642,17353,78626,111221,1939,2677,16638,24049,2970566,4136787,2649844,3628371,215177,359473,10710,14655,77870,110002,1695,2341,15270,21945,161294,229195,152346,215082,4648,7756,1932,2698,756,1219,244,336,1368,2104
7,2003,17,5398596,2051421,3347175,1855112,2997464,129853,251790,6995,11174,48549,68649,1051,1594,9861,16504,1959592,3203467,1768384,2862543,127205,246821,5890,9586,48155,67971,878,1372,9080,15174,91829,143708,86728,134921,2648,4969,1105,1588,394,678,173,222,781,1330
7,2003,18,2952567,967279,1985288,882649,1795938,55646,139406,2884,5748,21068,34180,519,864,4513,9152,929118,1912523,846702,1727498,54508,136895,2454,5032,20873,33843,430,758,4151,8497,38161,72765,35947,68440,1138,2511,430,716,195,337,89,106,362,655
7,2003,19,1175910,305514,870396,275737,787565,19318,63384,1118,2453,7625,12813,188,351,1528,3830,291733,838017,262786,757102,18913,62242,935,2149,7540,12691,161,294,1398,3539,13781,32379,12951,30463,405,1142,183,304,85,122,27,57,130,291
7,2003,20,291094,57627,233467,49741,209605,5509,18925,231,627,1719,3236,51,118,376,956,54287,224825,46644,201500,5415,18642,180,550,1687,3180,43,97,318,856,3340,8642,3097,8105,94,283,51,77,32,56,8,21,58,100
7,2003,21,46605,7781,38824,5706,32141,1549,5503,79,151,293,751,26,37,128,241,7009,37096,5052,30587,1506,5418,64,128,283,741,22,30,82,192,772,1728,654,1554,43,85,15,23,10,10,4,7,46,49
7,2004,0,292805298,143828012,148977286,115664854,118455593,17856753,19653829,1526559,1517958,6029141,6513599,278261,269056,2472444,2567251,122592198,128711725,96345151,100116610,17022156,18775443,1070779,1098580,5868951,6351039,212582,208599,2072579,2161454,21235814,20265561,19319703,18338983,834597,878386,455780,419378,160190,162560,65679,60457,399865,405797
7,2004,1,19785885,10110494,9675391,7646725,7284718,1465970,1425260,129191,125475,430980,417694,24816,23981,412812,398263,7845202,7501358,5609118,5330661,1375767,1338173,86099,83801,411333,399042,17453,16755,345432,332926,2265292,2174033,2037607,1954057,90203,87087,43092,41674,19647,18652,7363,7226,67380,65337
7,2004,2,19454237,9951006,9503231,7554576,7168002,1518007,1471416,129333,123798,390517,390892,23255,21901,335318,327222,7995895,7633665,5806225,5498295,1427258,1383724,87503,84116,373429,374274,16469,15491,285011,277765,1955111,1869566,1748351,1669707,90749,87692,41830,39682,17088,16618,6786,6410,50307,49457
7,2004,3,21411680,10967974,10443706,8310173,7874073,1769479,1714006,149520,147094,415300,392640,25286,24078,298216,291815,8972581,8533249,6520483,6165778,1678093,1624803,105068,102310,399038,376816,18825,17979,251074,245563,1995393,1910457,1789690,1708295,91386,89203,44452,44784,16262,15824,6461,6099,47142,46252
7,2004,4,21102552,10859759,10242793,8341074,7810873,1654836,1604653,153985,142123,433574,411060,24936,23393,251354,250691,8967624,8538588,6638507,6284925,1574832,1528202,105780,100045,418768,396723,18882,17787,210855,210906,1892135,1704205,1702567,1525948,80004,76451,48205,42078,14806,14337,6054,5606,40499,39785
7,2004,5,20845560,10654919,10190641,8271006,7795633,1500859,1521961,141553,126475,509494,507403,29061,25993,202946,213176,8554448,8433143,6363402,6211662,1417757,1441646,91447,89022,493697,492423,21309,20167,166836,178223,2100471,1757498,1907604,1583971,83102,80315,50106,37453,15797,14980,7752,5826,36110,34953
7,2004,6,19107055,9627975,9479080,7546261,7209843,1234941,1377154,118876,109578,544727,588140,27523,24634,155647,169731,7587988,7721588,5684896,5626938,1157711,1293624,73583,72908,529477,573465,19962,18777,122359,135876,2039987,1757492,1861365,1582905,77230,83530,45293,36670,15250,14675,7561,5857,33288,33855
7,2004,7,20159501,10118356,10041145,7988955,7705227,1266947,1427670,113516,112068,580971,620070,23415,21860,144552,154250,8218897,8321983,6246008,6150108,1199469,1350217,73926,74784,567299,606251,17545,16609,114650,124014,1899459,1719162,1742947,1555119,67478,77453,39590,37284,13672,13819,5870,5251,29902,30236
7,2004,8,20874649,10421329,10453320,8361161,8173326,1289803,1452072,111211,112503,511838,556939,20517,20405,126799,138075,8746361,8900547,6822921,6763760,1229923,1386169,75086,77266,500294,544782,15752,15873,102385,112697,1674968,1552773,1538240,1409566,59880,65903,36125,35237,11544,12157,4765,4532,24414,25378
7,2004,9,22925626,11363212,11562414,9256910,9211457,1366809,1546800,114364,117404,477872,528515,20165,20030,127092,138208,9897918,10161370,7910642,7934495,1314342,1488699,82181,87905,467489,517421,16143,16019,107121,116831,1465294,1401044,1346268,1276962,52467,58101,32183,29499,10383,11094,4022,4011,19971,21377
7,2004,10,22065262,10880756,11184506,8961675,9019856,1258160,1427260,101375,105436,428311,490389,16781,16477,114454,125088,9735181,10051446,7911586,7987118,1215725,1379411,75994,82432,420094,481570,13842,13585,97940,107330,1145575,1133060,1050089,1032738,42435,47849,25381,23004,8217,8819,2939,2892,16514,17758
7,2004,11,19564668,9565045,9999623,7972215,8156626,1037972,1206529,82552,87069,367195,434823,13357,13784,91754,100792,8704826,9109317,7184368,7343162,1004675,1169718,64436,69787,361061,427894,11169,11655,79117,87101,860219,890306,787847,813464,33297,36811,18116,17282,6134,6929,2188,2129,12637,13691
7,2004,12,16607176,8059227,8547949,6856545,7130241,771701,920637,62636,65856,288213,342255,9970,10192,70162,78768,7432591,7868927,6278192,6504738,749108,894385,50703,54189,284021,337608,8548,8632,62019,69375,626636,679022,578353,625503,22593,26252,11933,11667,4192,4647,1422,1560,8143,9393
7,2004,13,12698128,6060330,6637798,5206628,5601046,547299,688113,43012,45695,208354,241494,6964,7187,48073,54263,5633501,6144011,4810373,5142735,532170,669988,35823,38356,205861,238307,6062,6220,43212,48405,426829,493787,396255,458311,15129,18125,7189,7339,2493,3187,902,967,4861,5858
7,2004,14,10073429,4703011,5370418,4051117,4544486,422251,557408,30182,33776,160404,190023,4864,5387,34193,39338,4380834,4976417,3750876,4178171,410981,542565,25340,28221,158516,187671,4266,4672,30855,35117,322177,394001,300241,366315,11270,14843,4842,5555,1888,2352,598,715,3338,4221
7,2004,15,8594104,3854159,4739945,3377145,4068608,314132,456920,20193,24776,114762,154871,3398,3878,24529,30892,3615842,4426721,3153842,3776088,306360,445923,16911,20681,113543,153078,2974,3289,22212,27662,238317,313224,223303,292520,7772,10997,3282,4095,1219,1793,424,589,2317,3230
7,2004,16,7461399,3140080,4321319,2804742,3789578,221189,369331,13108,17900,81682,117062,2029,2760,17330,24688,2971005,4080637,2645363,3564209,216243,361095,10941,14878,80878,115713,1764,2407,15816,22335,169075,240682,159379,225369,4946,8236,2167,3022,804,1349,265,353,1514,2353
7,2004,17,5528504,2111081,3417423,1907201,3055400,132951,257123,7479,11716,51925,74235,1129,1686,10396,17263,2011305,3262875,1813006,2910387,130109,251830,6255,9915,51480,73483,954,1457,9501,15803,99776,154548,94195,145013,2842,5293,1224,1801,445,752,175,229,895,1460
7,2004,18,2998919,994922,2003997,906863,1810263,57059,140807,3063,5854,22690,36665,533,926,4714,9482,954435,1928193,868839,1739114,55811,138169,2548,5067,22473,36293,440,802,4324,8748,40487,75804,38024,71149,1248,2638,515,787,217,372,93,124,390,734
7,2004,19,1207286,318505,888781,287895,802904,19537,64692,1099,2563,8187,14253,190,352,1597,4017,304012,854597,274273,770804,19106,63472,911,2213,8097,14111,164,297,1461,3700,14493,34184,13622,32100,431,1220,188,350,90,142,26,55,136,317
7,2004,20,293507,58353,235154,50463,211443,5361,18537,238,656,1859,3408,51,119,381,991,54979,226159,47334,203026,5269,18228,187,564,1827,3355,42,99,320,887,3374,8995,3129,8417,92,309,51,92,32,53,9,20,61,104
7,2004,21,46171,7519,38652,5524,31990,1490,5480,73,143,286,768,21,33,125,238,6773,36934,4897,30436,1447,5402,57,120,276,759,17,27,79,190,746,1718,627,1554,43,78,16,23,10,9,4,6,46,48
7,2005,0,295516599,145197078,150319521,116388486,119103091,18079607,19882081,1579417,1568355,6241041,6766622,289165,279639,2619362,2719733,123209018,129283967,96473133,100147850,17195036,18952312,1078657,1107466,6067137,6590707,219066,215114,2175989,2270518,21988060,21035554,19915353,18955241,884571,929769,500760,460889,173904,175915,70099,64525,443373,449215
7,2005,1,19917400,10175595,9741805,7657848,7299570,1473058,1431795,133505,130224,447492,433195,26053,25156,437639,421865,7826093,7484555,5560685,5285978,1372000,1334113,86601,84868,425927,412736,18075,17341,362805,349519,2349502,2257250,2097163,2013592,101058,97682,46904,45356,21565,20459,7978,7815,74834,72346
7,2005,2,19389067,9915167,9473900,7505004,7122186,1499119,1453837,132214,126310,399168,400571,23637,22426,356025,348570,7912516,7560693,5722590,5422103,1405268,1363168,86620,83124,380844,382846,16629,15678,300565,293774,2002651,1913207,1782414,1700083,93851,90669,45594,43186,18324,17725,7008,6748,55460,54796
7,2005,3,21212579,10864197,10348382,8208234,7779176,1742172,1686008,149862,147656,422956,402803,25847,24404,315126,308335,8810322,8381706,6373491,6027770,1647089,1593426,101748,99087,405673,385803,18987,18023,263334,257597,2053875,1966676,1834743,1751406,95083,92582,48114,48569,17283,17000,6860,6381,51792,50738
7,2005,4,21486214,11051425,10434789,8433896,7907398,1713175,1662286,159734,147594,448251,423900,25902,24578,270467,269033,9075792,8644286,6665510,6312192,1626584,1579384,107215,101475,431962,408193,19450,18495,225071,224547,1975633,1790503,1768386,1595206,86591,82902,52519,46119,16289,15707,6452,6083,45396,44486
7,2005,5,20959955,10737149,10222806,8313072,7804592,1512248,1520858,147235,130946,520022,515086,29631,26498,214941,224826,8614133,8435528,6394697,6201348,1426656,1438230,92672,89946,503237,499175,21574,20385,175297,186444,2123016,1787278,1918375,1603244,85592,82628,54563,41000,16785,15911,8057,6113,39644,38382
7,2005,6,19534710,9822166,9712544,7670643,7362530,1273438,1417119,124779,114842,556468,607564,29107,26120,167731,184369,7725269,7899360,5768622,5738308,1190538,1328802,74972,74278,539665,591574,20946,19819,130526,146579,2096897,1813184,1902021,1624222,82900,88317,49807,40564,16803,15990,8161,6301,37205,37790
7,2005,7,19723937,9888783,9835154,7765516,7497439,1242027,1403608,115862,114200,591097,636379,24150,22335,150131,161193,7953483,8069692,5997074,5906845,1172488,1323233,72523,73330,576563,621715,17823,16807,117012,127762,1935300,1765462,1768442,1590594,69539,80375,43339,40870,14534,14664,6327,5528,33119,33431
7,2005,8,20798653,10387033,10411620,8302663,8103077,1281513,1442394,113501,114306,534412,585410,21257,20990,133687,145443,8654090,8801934,6716738,6646791,1218813,1373049,73840,75876,521790,572269,16212,16233,106697,117716,1732943,1609686,1585925,1456286,62700,69345,39661,38430,12622,13141,5045,4757,26990,27727
7,2005,9,22706885,11253162,11453723,9128277,9084172,1365752,1544620,117077,119227,490986,542946,20612,20503,130458,142255,9731599,9998062,7734961,7761102,1310852,1483976,81296,86798,479717,531105,16238,16197,108535,118884,1521563,1455661,1393316,1323070,54900,60644,35781,32429,11269,11841,4374,4306,21923,23371
7,2005,10,22417171,11060083,11357088,9074333,9122941,1296185,1466308,106103,110438,444965,507769,17928,17519,120569,132113,9841746,10156747,7959923,8032083,1251084,1415378,77833,84528,435949,498120,14731,14348,102226,112290,1218337,1200341,1114410,1090858,45101,50930,28270,25910,9016,9649,3197,3171,18343,19823
7,2005,11,20078733,9821292,10257441,8164619,8346854,1076239,1246723,86942,91579,381544,450900,13944,14574,98004,106811,8906913,9317142,7329810,7490590,1040524,1207255,66368,72152,374872,443341,11564,12227,83775,91577,914379,940299,834809,856264,35715,39468,20574,19427,6672,7559,2380,2347,14229,15234
7,2005,12,17503220,8495361,9007859,7190983,7471848,835500,991711,67781,70912,314639,377371,10844,10966,75614,85051,7817705,8274380,6567677,6798421,810499,962728,54005,57608,309879,372053,9265,9279,66380,74291,677656,733479,623306,673427,25001,28983,13776,13304,4760,5318,1579,1687,9234,10760
7,2005,13,13138277,6277726,6860551,5388836,5780176,565759,709288,45207,48378,219441,257572,7388,7684,51095,57453,5824531,6339308,4969143,5297626,549734,690052,37045,39977,216666,254058,6418,6626,45525,50969,453195,521243,419693,482550,16025,19236,8162,8401,2775,3514,970,1058,5570,6484
7,2005,14,10278627,4809127,5469500,4130394,4615343,433795,570964,32043,35253,171554,200812,5156,5671,36185,41457,4472485,5059644,3817616,4235180,421821,555354,26605,29244,169456,198233,4485,4909,32502,36724,336642,409856,312778,380163,11974,15610,5438,6009,2098,2579,671,762,3683,4733
7,2005,15,8603070,3874001,4729069,3381163,4043354,321503,463094,21114,25979,121172,160619,3538,4072,25511,31951,3626691,4404511,3149956,3740925,313330,451550,17516,21478,119829,158722,3101,3433,22959,28403,247310,324558,231207,302429,8173,11544,3598,4501,1343,1897,437,639,2552,3548
7,2005,16,7463609,3164353,4299256,2819126,3755362,225342,373175,13835,18611,85865,123733,2172,2897,18013,25478,2985385,4046076,2650817,3518585,219931,364523,11419,15256,84983,122268,1879,2519,16356,22925,178968,253180,168309,236777,5411,8652,2416,3355,882,1465,293,378,1657,2553
7,2005,17,5611193,2156614,3454579,1946090,3082063,135563,261275,7918,12184,54942,79286,1181,1762,10920,18009,2050307,3290093,1845833,2927924,132567,255701,6537,10163,54435,78434,1015,1517,9920,16354,106307,164486,100257,154139,2996,5574,1381,2021,507,852,166,245,1000,1655
7,2005,18,3102921,1041951,2060970,947555,1856245,60490,146909,3280,6258,25007,40551,552,971,5067,10036,997378,1978548,905741,1779080,59131,143970,2696,5332,24764,40121,453,840,4593,9205,44573,82422,41814,77165,1359,2939,584,926,243,430,99,131,474,831
7,2005,19,1242587,333670,908917,302254,820758,19699,65350,1103,2644,8728,15614,194,364,1692,4187,318621,873468,288166,787514,19240,64094,894,2253,8631,15461,161,314,1529,3832,15049,35449,14088,33244,459,1256,209,391,97,153,33,50,163,355
7,2005,20,301368,60735,240633,52429,215721,5597,19300,251,670,2037,3765,51,120,370,1057,57200,231088,49146,206825,5498,18942,195,575,2008,3711,44,99,309,936,3535,9545,3283,8896,99,358,56,95,29,54,7,21,61,121
7,2005,21,46423,7488,38935,5551,32286,1433,5459,71,144,295,776,21,29,117,241,6759,37146,4937,30660,1389,5384,57,118,287,769,16,25,73,190,729,1789,614,1626,44,75,14,26,8,7,5,4,44,51
7,2006,0,298379912,146647265,151732647,117160246,119794572,18319259,20123789,1637319,1621347,6454207,7021639,300435,290404,2775799,2880896,123880397,129893210,96634152,100198545,17381618,19139343,1086919,1116172,6265903,6831834,225835,221794,2285970,2385522,22766868,21839437,20526094,19596027,937641,984446,550400,505175,188304,189805,74600,68610,489829,495374
7,2006,1,19938883,10187872,9751011,7628746,7269493,1477014,1435376,138405,134519,454885,440174,26914,26030,461908,445419,7771253,7428740,5491252,5215942,1364100,1326364,86794,85175,431299,417937,18332,17660,379476,365662,2416619,2322271,2137494,2053551,112914,109012,51611,49344,23586,22237,8582,8370,82432,79757
7,2006,2,19544688,9989515,9555173,7528718,7152700,1504199,1459315,136500,130794,414890,416226,24491,23232,380717,372906,7905130,7562675,5680496,5389259,1406524,1364679,86732,83200,395393,397393,17237,16212,318748,311932,2084385,1992498,1848222,1763441,97675,94636,49768,47594,19497,18833,7254,7020,61969,60974
7,2006,3,21033138,10771194,10261944,8119752,7694156,1706721,1652130,151099,148389,433683,416269,26201,24695,333738,326305,8661960,8241487,6243856,5901668,1608270,1556561,98799,96031,415159,398290,19044,18072,276832,270865,2109234,2020457,1875896,1792488,98451,95569,52300,52358,18524,17979,7157,6623,56906,55440
7,2006,4,21807709,11210416,10597293,8502691,7982976,1763955,1710262,164736,152817,462345,437087,27038,25713,289651,288438,9146613,8715362,6663968,6314169,1670743,1620721,107887,102520,444493,419774,20048,19148,239474,239030,2063803,1881931,1838723,1668807,93212,89541,56849,50297,17852,17313,6990,6565,50177,49408
7,2006,5,21036135,10797351,10238784,8332704,7793494,1525860,1525525,152589,134853,529237,521858,30542,27077,226419,235977,8646063,8418829,6399084,6169198,1436958,1439925,93522,90190,511484,504929,22158,20651,182857,193936,2151288,1819955,1933620,1624296,88902,85600,59067,44663,17753,16929,8384,6426,43562,42041
7,2006,6,20110011,10095589,10014422,7859251,7572220,1317856,1461828,131661,121134,574052,631096,30473,27540,182296,200604,7943807,8142583,5919242,5904718,1229469,1368239,76599,76208,555728,613784,21803,20868,140966,158766,2151782,1871839,1940009,1667502,88387,93589,55062,44926,18324,17312,8670,6672,41330,41838
7,2006,7,19285168,9673250,9611918,7555755,7279982,1219266,1374470,118983,116241,598010,649543,25048,23065,156188,168617,7695257,7801811,5757091,5655747,1146709,1291207,71120,71784,582439,633972,18239,17168,119659,131933,1977993,1810107,1798664,1624235,72557,83263,47863,44457,15571,15571,6809,5897,36529,36684
7,2006,8,20941233,10451785,10489448,8323189,8127178,1287653,1452495,117558,117426,559040,616116,22052,21756,142293,154477,8661886,8813330,6690681,6615308,1222549,1379557,73871,75803,545284,601714,16694,16666,112807,124282,1789899,1676118,1632508,1511870,65104,72938,43687,41623,13756,14402,5358,5090,29486,30195
7,2006,9,22302568,11064405,11238163,8919987,8855580,1363239,1535323,119567,120491,506567,559602,21258,20919,133787,146248,9483056,9729250,7476902,7488825,1305253,1471588,80279,84835,494498,547041,16547,16331,109577,120630,1581349,1508913,1443085,1366755,57986,63735,39288,35656,12069,12561,4711,4588,24210,25618
7,2006,10,22715286,11209831,11505455,9172789,9219590,1323254,1493535,110698,114701,457686,521252,18816,18408,126588,137969,9925842,10242598,8001588,8074939,1275625,1439661,79250,86010,447714,510802,15304,14992,106361,116194,1283989,1262857,1171201,1144651,47629,53874,31448,28691,9972,10450,3512,3416,20227,21775
7,2006,11,20570873,10064753,10506120,8337268,8518913,1117023,1288741,91451,96578,400276,472826,14705,15454,104030,113608,9094592,9509456,7454173,7614031,1078826,1246538,68119,74773,393000,464527,12153,12875,88321,96712,970161,996664,883095,904882,38197,42203,23332,21805,7276,8299,2552,2579,15709,16896
7,2006,12,18396860,8923795,9473065,7526809,7825920,896761,1062889,72582,76170,334737,405308,11476,11714,81430,91064,8197945,8690842,6861030,7109952,869706,1031728,56968,60995,329376,399344,9768,9880,71097,78943,725850,782223,665779,715968,27055,31161,15614,15175,5361,5964,1708,1834,10333,12121
7,2006,13,13533253,6474264,7058989,5545633,5931515,586399,731997,47697,50938,232529,275336,7940,8221,54066,60982,5990927,6503657,5099379,5419092,569178,711054,38371,41376,229469,271432,6842,7074,47688,53629,483337,555332,446254,512423,17221,20943,9326,9562,3060,3904,1098,1147,6378,7353
7,2006,14,10553201,4943999,5609202,4241232,4726709,444054,583919,33809,36987,181355,211809,5465,5949,38084,43829,4592380,5182948,3915354,4332110,431485,567679,27741,30402,179047,209054,4746,5115,34007,38588,351619,426254,325878,394599,12569,16240,6068,6585,2308,2755,719,834,4077,5241
7,2006,15,8649826,3908390,4741436,3396079,4035599,330688,473597,22245,27300,128961,167436,3638,4238,26779,33266,3651578,4404422,3156625,3722386,321939,461367,18330,22388,127474,165394,3189,3572,24021,29315,256812,337014,239454,313213,8749,12230,3915,4912,1487,2042,449,666,2758,3951
7,2006,16,7447034,3177898,4269136,2826538,3719502,226215,372307,14476,19180,89766,129044,2310,2980,18593,26123,2990946,4005803,2651090,3473659,220526,363216,11755,15523,88815,127460,1995,2573,16765,23372,186952,263333,175448,245843,5689,9091,2721,3657,951,1584,315,407,1828,2751
7,2006,17,5648117,2184568,3463549,1967391,3078122,138864,267184,8284,12650,57344,84922,1236,1883,11449,18788,2071718,3289425,1861083,2915161,135660,261311,6794,10403,56781,83944,1056,1624,10344,16982,112850,174124,106308,162961,3204,5873,1490,2247,563,978,180,259,1105,1806
7,2006,18,3229873,1098203,2131670,998216,1918018,63274,151727,3504,6636,27132,43770,559,1001,5518,10518,1049292,2042462,952385,1834640,61773,148530,2815,5551,26876,43312,453,864,4990,9565,48911,89208,45831,83378,1501,3197,689,1085,256,458,106,137,528,953
7,2006,19,1275975,348767,927208,316568,837169,19936,65644,1133,2667,9188,16978,202,380,1740,4370,333151,890877,301969,803128,19446,64366,913,2267,9091,16806,168,324,1564,3986,15616,36331,14599,34041,490,1278,220,400,97,172,34,56,176,384
7,2006,20,313089,63918,249171,55321,222904,5656,20081,271,733,2216,4184,51,119,403,1150,60246,239006,51924,213455,5549,19685,207,622,2185,4129,43,100,338,1015,3672,10165,3397,9449,107,396,64,111,31,55,8,19,65,135
7,2006,21,46992,7502,39490,5609,32832,1372,5444,71,143,308,803,20,30,122,238,6755,37647,4980,31158,1330,5367,53,116,298,796,16,25,78,185,747,1843,629,1674,42,77,18,27,10,7,4,5,44,53
7,2007,0,301231207,148064854,153166353,117889727,120488360,18560639,20374894,1699452,1677761,6662593,7272048,311672,301381,2940771,3051909,124520814,130513540,96761624,100249770,17570226,19335532,1095236,1125065,6459261,7067419,232522,228451,2401945,2507303,23544040,22652813,21128103,20238590,990413,1039362,604216,552696,203332,204629,79150,72930,538826,544606
7,2007,1,20125962,10285693,9840269,7648957,7286270,1503673,1459661,146115,141357,466793,451025,28104,27179,492051,474777,7786437,7440750,5460083,5184962,1377970,1338523,87867,86065,440933,426662,18829,18128,400755,386410,2499256,2399519,2188874,2101308,125703,121138,58248,55292,25860,24363,9275,9051,91296,88367
7,2007,2,19714611,10073928,9640683,7564902,7189744,1506546,1462889,141739,135985,429723,431288,25256,24093,405762,396684,7902256,7561514,5645166,5355002,1406218,1365505,87187,83689,409144,411523,17823,16846,336718,328949,2171672,2079169,1919736,1834742,100328,97384,54552,52296,20579,19765,7433,7247,69044,67735
7,2007,3,20841042,10670960,10170082,8024465,7606013,1672081,1616652,152069,149127,442422,428047,26505,24966,353418,345277,8514674,8105361,6115859,5782272,1569985,1518181,95879,92979,422679,408912,19069,18101,291203,284916,2156286,2064721,1908606,1823741,102096,98471,56190,56148,19743,19135,7436,6865,62215,60361
7,2007,4,22067816,11336490,10731326,8546360,8037421,1805163,1749592,169388,157319,478623,451800,28243,26799,308713,308395,9184215,8757663,6637200,6294477,1705436,1653540,108226,103298,459105,432860,20755,19716,253493,253772,2152275,1973663,1909160,1742944,99727,96052,61162,54021,19518,18940,7488,7083,55220,54623
7,2007,5,21077999,10807836,10270163,8312296,7789208,1532550,1537368,156962,138974,537043,529086,31415,27771,237570,247756,8636029,8415597,6371983,6144758,1439955,1447068,93436,90049,518049,510832,22603,20975,190003,201915,2171807,1854566,1940313,1644450,92595,90300,63526,48925,18994,18254,8812,6796,47567,45841
7,2007,6,20542698,10313439,10229259,8004064,7716585,1353357,1491057,138284,126702,589653,649747,31448,28667,196633,216501,8109770,8302849,6027693,6008105,1260510,1393586,77902,77577,570087,631182,22330,21645,151248,170754,2203669,1926410,1976371,1708480,92847,97471,60382,49125,19566,18565,9118,7022,45385,45747
7,2007,7,19170765,9611431,9559334,7483119,7210654,1215263,1368848,124001,119643,598505,657609,26186,23965,164357,178615,7592475,7703448,5657452,5552818,1139064,1282030,71056,71596,581633,640989,18899,17655,124371,138360,2018956,1855886,1825667,1657836,76199,86818,52945,48047,16872,16620,7287,6310,39986,40255
7,2007,8,20963891,10461052,10502839,8280332,8083341,1297733,1462021,121871,120481,587344,650463,22891,22430,150881,164103,8610158,8760890,6597732,6516357,1230041,1385637,73918,75661,572440,634851,17158,17029,118869,131355,1850894,1741949,1682600,1566984,67692,76384,47953,44820,14904,15612,5733,5401,32012,32748
7,2007,9,21832339,10833176,10999163,8691147,8618319,1345744,1514063,121112,121505,517155,574566,21609,21367,136409,149343,9207990,9445725,7213293,7215915,1285459,1447702,78247,82770,504248,561257,16640,16539,110103,121542,1625186,1553438,1477854,1402404,60285,66361,42865,38735,12907,13309,4969,4828,26306,27801
7,2007,10,22799761,11257548,11542213,9180295,9218229,1339094,1507587,115039,118264,471745,535331,19709,19328,131666,143474,9907681,10217861,7952270,8021320,1288963,1450880,80223,86498,460955,523942,15836,15598,109434,119623,1349867,1324352,1228025,1196909,50131,56707,34816,31766,10790,11389,3873,3730,22232,23851
7,2007,11,21140178,10344429,10795749,8533563,8722065,1169541,1341941,96833,101950,417888,492827,15556,16289,111048,120677,9311703,9736288,7596050,7762912,1128758,1296597,70399,77499,409852,483856,12835,13433,93809,101991,1032726,1059461,937513,959153,40783,45344,26434,24451,8036,8971,2721,2856,17239,18686
7,2007,12,18454772,8945299,9509473,7494775,7795132,929218,1103179,74929,79338,350017,425450,12137,12357,84223,94017,8182700,8689118,6797409,7046416,900347,1070188,57597,62376,344207,418941,10246,10437,72894,80760,762599,820355,697366,748716,28871,32991,17332,16962,5810,6509,1891,1920,11329,13257
7,2007,13,14673662,7034464,7639198,6031341,6424950,630666,781355,52696,55788,251317,300526,8518,8898,59926,67681,6509526,7038958,5548405,5873135,611672,758308,41737,44690,247786,296111,7319,7608,52607,59106,524938,600240,482936,551815,18994,23047,10959,11098,3531,4415,1199,1290,7319,8575
7,2007,14,10970235,5145430,5824805,4414189,4905818,457810,602454,35765,39025,191468,224701,5721,6243,40477,46564,4777287,5379000,4073669,4493914,444682,585457,29048,31784,188950,221718,4979,5330,35959,40797,368143,445805,340520,411904,13128,16997,6717,7241,2518,2983,742,913,4518,5767
7,2007,15,8728492,3957495,4770997,3426992,4048550,337704,480192,23550,28425,137422,174756,3810,4406,28017,34668,3689933,4420664,3178350,3723847,328361,467281,19133,22987,135792,172510,3315,3720,24982,30319,267562,350333,248642,324703,9343,12911,4417,5438,1630,2246,495,686,3035,4349
7,2007,16,7400363,3175139,4225224,2816158,3668154,228571,373363,15066,20026,93620,133868,2435,3009,19289,26804,2981084,3952140,2634329,3413693,222639,363859,12141,16030,92595,132144,2090,2591,17290,23823,194055,273084,181829,254461,5932,9504,2925,3996,1025,1724,345,418,1999,2981
7,2007,17,5687076,2217809,3469267,1994738,3073052,141483,271780,8686,13195,59649,89805,1291,2017,11962,19418,2098826,3286154,1882875,2901968,138062,265558,6995,10698,59036,88766,1110,1732,10748,17432,118983,183113,111863,171084,3421,6222,1691,2497,613,1039,181,285,1214,1986
7,2007,18,3358466,1153751,2204715,1046872,1980439,66898,157587,3815,7020,29657,47438,553,1061,5956,11170,1099558,2107884,996102,1890045,65252,154148,3039,5776,29365,46891,451,912,5349,10112,54193,96831,50770,90394,1646,3439,776,1244,292,547,102,149,607,1058
7,2007,19,1307782,364049,943733,330404,850960,20579,66850,1162,2701,9833,18306,211,374,1860,4542,347757,906544,315188,816160,20054,65543,929,2266,9736,18125,174,320,1676,4130,16292,37189,15216,34800,525,1307,233,435,97,181,37,54,184,412
7,2007,20,325440,67743,257697,58918,229988,5652,21030,297,787,2397,4573,54,134,425,1185,63807,246864,55301,219946,5526,20594,222,658,2359,4519,45,112,354,1035,3936,10833,3617,10042,126,436,75,129,38,54,9,22,71,150
7,2007,21,47857,7693,40164,5840,33468,1313,5425,73,149,319,836,20,28,128,258,6948,38268,5215,31748,1272,5347,55,119,310,828,16,24,80,202,745,1896,625,1720,41,78,18,30,9,8,4,4,48,56
7,2008,0,304093966,149489951,154604015,118611132,121171882,18803371,20626043,1766088,1738790,6872141,7523155,323174,312503,3114045,3231642,125167045,131133136,96888612,100294923,17759656,19531053,1103404,1133900,6652963,7302948,239323,235203,2523087,2635109,24322906,23470879,21722520,20876959,1043715,1094990,662684,604890,219178,220207,83851,77300,590958,596533
7,2008,1,20271127,10356944,9914183,7641599,7281804,1531678,1488263,154529,149455,477333,461066,29016,28236,522789,505359,7789758,7449295,5413403,5143176,1395961,1357088,88888,87173,449661,435008,19281,18691,422564,408159,2567186,2464888,2228196,2138628,135717,131175,65641,62282,27672,26058,9735,9545,100225,97200
7,2008,2,19929602,10181114,9748488,7618944,7245489,1506902,1463565,148290,142959,449247,450343,26343,25073,431388,421059,7914446,7574962,5623732,5335172,1402637,1362544,87728,84318,427174,429257,18533,17494,354642,346177,2266668,2173526,1995212,1910317,104265,101021,60562,58641,22073,21086,7810,7579,76746,74882
7,2008,3,20706655,10598181,10108474,7951662,7541137,1638861,1585294,154441,150966,450391,438871,27025,25329,375801,366877,8393911,7997315,6009496,5685475,1533552,1483394,94158,91019,429405,418417,19347,18172,307953,300838,2204270,2111159,1942166,1855662,105309,101900,60283,59947,20986,20454,7678,7157,67848,66039
7,2008,4,22210880,11405732,10805148,8549048,8048516,1834806,1774847,172550,160914,492466,465195,29188,27787,327674,327889,9170852,8745056,6575859,6237221,1728203,1672562,107054,102272,471268,444635,21153,20225,267315,268141,2234880,2060092,1973189,1811295,106603,102285,65496,58642,21198,20560,8035,7562,60359,59748
7,2008,5,21180612,10841046,10339566,8301635,7803128,1546291,1561768,160801,142709,550462,541126,32680,28894,249177,261941,8635045,8437301,6343104,6128131,1448484,1465246,92786,89540,529987,521243,23389,21653,197295,211488,2206001,1902265,1958531,1674997,97807,96522,68015,53169,20475,19883,9291,7241,51882,50453
7,2008,6,20902668,10509136,10393532,8132231,7824868,1385070,1511804,146056,133115,602304,663268,32273,29400,211202,231077,8264899,8416999,6130338,6079174,1288865,1410956,80036,79686,581376,643704,22707,21963,161577,181516,2244237,1976533,2001893,1745694,96205,100848,66020,53429,20928,19564,9566,7437,49625,49561
7,2008,7,19304805,9678926,9625879,7522239,7244590,1227530,1376903,129418,123606,597144,664758,27169,25007,175426,191015,7615326,7727586,5667522,5556957,1146649,1286351,71343,71959,578962,646827,19409,18298,131441,147194,2063600,1898293,1854717,1687633,80881,90552,58075,51647,18182,17931,7760,6709,43985,43821
7,2008,8,20817463,10379654,10437809,8164257,7980099,1298244,1461628,126598,123384,608319,676125,23847,23063,158389,173510,8477241,8636542,6441340,6364178,1228266,1382148,73683,75361,592154,659477,17743,17358,124055,138020,1902413,1801267,1722917,1615921,69978,79480,52915,48023,16165,16648,6104,5705,34334,35490
7,2008,9,21375023,10617099,10757924,8476010,8380431,1328156,1490355,122824,122209,527962,590772,22041,21637,140106,152520,8939859,9158577,6955888,6940626,1265608,1421652,76121,80605,514112,576522,16702,16565,111428,122607,1677240,1599347,1520122,1439805,62548,68703,46703,41604,13850,14250,5339,5072,28678,29913
7,2008,10,22820973,11263990,11556983,9146342,9188763,1352457,1522235,119228,121727,489074,554682,20411,20406,136478,149170,9849480,10167748,7863574,7937264,1299220,1462085,80898,86543,477386,542386,16276,16359,112126,123111,1414510,1389235,1282768,1251499,53237,60150,38330,35184,11688,12296,4135,4047,24352,26059
7,2008,11,21639474,10598921,11040553,8708223,8887516,1217956,1389578,102427,107116,436262,511997,16552,16975,117501,127371,9503392,9922121,7716613,7878192,1174666,1341256,72732,79770,427425,502240,13550,13923,98406,106740,1095529,1118432,991610,1009324,43290,48322,29695,27346,8837,9757,3002,3052,19095,20631
7,2008,12,18814568,9112330,9702238,7603692,7919868,963484,1142940,78377,83239,365015,444535,12632,13106,89130,98550,8308588,8837395,6871090,7133014,932630,1107695,58852,64201,358709,437399,10618,11026,76689,84060,803742,864843,732602,786854,30854,35245,19525,19038,6306,7136,2014,2080,12441,14490
7,2008,13,15342495,7362970,7979525,6286663,6678628,673051,828709,56855,60079,272769,329788,9212,9524,64420,72797,6797418,7336714,5768179,6089368,652437,803801,44204,47531,268770,324877,7868,8096,55960,63041,565552,642811,518484,589260,20614,24908,12651,12548,3999,4911,1344,1428,8460,9756
7,2008,14,11594347,5446439,6147908,4679659,5184734,477969,627484,38174,41627,201127,237296,6023,6488,43487,50279,5058566,5676993,4321917,4750784,463952,609432,30618,33495,198377,233962,5242,5529,38460,43791,387873,470915,357742,433950,14017,18052,7556,8132,2750,3334,781,959,5027,6488
7,2008,15,8911332,4054996,4856336,3504886,4115176,345268,488304,24954,29857,146227,181929,3987,4706,29674,36364,3773236,4490112,3243728,3776575,335333,474667,20077,23781,144439,179488,3452,3959,26207,31642,281760,366224,261158,338601,9935,13637,4877,6076,1788,2441,535,747,3467,4722
7,2008,16,7345743,3167246,4178497,2797866,3610408,232852,377098,15737,20912,98299,139350,2535,3098,19957,27631,2967410,3897329,2611165,3349007,226556,367192,12536,16558,97178,137513,2165,2667,17810,24392,199836,281168,186701,261401,6296,9906,3201,4354,1121,1837,370,431,2147,3239
7,2008,17,5730359,2252413,3477946,2023601,3071208,143704,275549,9137,13699,62053,95227,1363,2076,12555,20187,2126823,3284155,1905702,2890537,140064,268860,7250,10940,61368,94064,1178,1773,11261,17981,125590,193791,117899,180671,3640,6689,1887,2759,685,1163,185,303,1294,2206
7,2008,18,3449778,1196796,2252982,1083139,2018134,70361,163224,4044,7432,32308,51251,574,1126,6370,11815,1137365,2149394,1027475,1921559,68586,159581,3167,6012,31978,50635,457,967,5702,10640,59431,103588,55664,96575,1775,3643,877,1420,330,616,117,159,668,1175
7,2008,19,1355592,385502,970090,349931,874107,21680,68466,1244,2814,10483,19625,222,397,1942,4681,367913,931124,333506,837719,21116,67061,977,2345,10383,19419,189,342,1742,4238,17589,38966,16425,36388,564,1405,267,469,100,206,33,55,200,443
7,2008,20,340954,72465,268489,63280,238533,5795,22617,326,818,2555,5088,59,144,450,1289,68265,256927,59420,227831,5659,22155,240,669,2522,5023,48,119,376,1130,4200,11562,3860,10702,136,462,86,149,33,65,11,25,74,159
7,2008,21,49516,8051,41465,6225,34745,1256,5412,78,153,341,863,22,31,129,261,7252,39491,5561,32963,1212,5327,56,122,329,852,16,24,78,203,799,1974,664,1782,44,85,22,31,12,11,6,7,51,58
7,2009,0,306771529,150807454,155964075,119242290,121792109,19033988,20868282,1835413,1801353,7071165,7762568,334459,323524,3290139,3416239,125743410,131700630,96967512,100307037,17938016,19718576,1110569,1141839,6835430,7526044,245873,241715,2646010,2765419,25064044,24263445,22274778,21485072,1095972,1149706,724844,659514,235735,236524,88586,81809,644129,650820
7,2009,1,20244518,10342089,9902429,7570648,7215138,1547746,1505021,162509,157187,482030,464361,29684,28850,549472,531872,7739808,7403892,5330200,5064849,1406764,1368949,89091,87395,453049,437032,19667,19007,441037,426660,2602281,2498537,2240448,2150289,140982,136072,73418,69792,28981,27329,10017,9843,108435,105212
7,2009,2,20182499,10307755,9874744,7680139,7308357,1516377,1472231,155838,150667,470165,470755,27440,26221,457796,446513,7938777,7600808,5607223,5321498,1405054,1364444,88721,85243,446055,447903,19158,18158,372566,363562,2368978,2273936,2072916,1986859,111323,107787,67117,65424,24110,22852,8282,8063,85230,82951
7,2009,3,20660564,10571832,10088732,7913786,7508106,1614583,1561178,158180,153585,457232,449797,27569,25687,400482,390379,8314782,7926571,5935217,5616501,1505464,1455759,93082,89849,434882,427863,19564,18217,326573,318382,2257050,2162161,1978569,1891605,109119,105419,65098,63736,22350,21934,8005,7470,73909,71997
7,2009,4,22192810,11388239,10804571,8495123,8009760,1837072,1777229,175059,163740,504124,476849,30210,28755,346651,348238,9082059,8663735,6468536,6136848,1724470,1668594,105257,100057,481294,454551,21644,20774,280858,282911,2306180,2140836,2026587,1872912,112602,108635,69802,63683,22830,22298,8566,7981,65793,65327
7,2009,5,21384122,10924709,10459413,8322388,7850425,1573689,1598630,164809,146881,567032,555701,33847,30159,262944,277617,8671833,8498780,6334797,6135350,1469569,1495053,92343,89449,544714,534123,23958,22326,206452,222479,2252876,1960633,1987591,1715075,104120,103577,72466,57432,22318,21578,9889,7833,56492,55138
7,2009,6,21078228,10611357,10466871,8193426,7867738,1399967,1516208,152495,139134,608198,668959,33011,29988,224260,244844,8341963,8451661,6180202,6095811,1300853,1412670,80974,81339,586201,648331,23151,22124,170582,191386,2269394,2015210,2013224,1771927,99114,103538,71521,57795,21997,20628,9860,7864,53678,53458
7,2009,7,19645114,9844555,9800559,7627484,7353889,1263820,1410885,136530,128278,599340,675310,28373,26247,189008,205950,7737282,7857923,5745717,5635738,1178076,1315694,72735,73044,579564,655977,20063,19124,141127,158346,2107273,1942636,1881767,1718151,85744,95191,63795,55234,19776,19333,8310,7123,47881,47604
7,2009,8,20507796,10215627,10292169,7983174,7813060,1289663,1453235,130709,126019,622274,694737,24619,23634,165188,181484,8268291,8437964,6226724,6154128,1217445,1371114,72794,74802,604831,677092,18132,17619,128365,143209,1947336,1854205,1756450,1658932,72218,82121,57915,51217,17443,17645,6487,6015,36823,38275
7,2009,9,20980015,10430574,10549441,8291079,8178369,1305071,1459284,125015,122057,542645,609932,22318,21942,144446,157857,8711143,8911440,6737919,6708130,1240813,1388327,74333,77875,527843,594705,16696,16683,113539,125720,1719431,1638001,1553160,1470239,64258,70957,50682,44182,14802,15227,5622,5259,30907,32137
7,2009,10,22862245,11285671,11576574,9123753,9163143,1366454,1535624,124181,125850,508225,575981,21230,21357,141828,154619,9801857,10120219,7782526,7855208,1309907,1472102,81650,87000,495707,562733,16797,16942,115270,126234,1483814,1456355,1341227,1307935,56547,63522,42531,38850,12518,13248,4433,4415,26558,28385
7,2009,11,22004843,10783563,11221280,8826338,8999780,1257553,1429550,107238,111970,451233,528224,17540,17671,123661,134085,9626442,10042449,7781756,7939215,1211921,1378313,74191,81413,441548,517671,14224,14410,102802,111427,1157121,1178831,1044582,1060565,45632,51237,33047,30557,9685,10553,3316,3261,20859,22658
7,2009,12,19280603,9334386,9946217,7764066,8093748,1001296,1185038,82500,87739,379194,461916,13159,13816,94171,103960,8484604,9032083,6992204,7264612,968258,1147456,60481,66430,372264,454061,11040,11567,80357,87957,849782,914134,771862,829136,33038,37582,22019,21309,6930,7855,2119,2249,13814,16003
7,2009,13,16124997,7741673,8383324,6582651,6981929,723307,888346,61187,64745,294991,360229,9954,10305,69583,77770,7133218,7697143,6026705,6355416,700777,861058,46770,50383,290466,354768,8448,8724,60052,66794,608455,686181,555946,626513,22530,27288,14417,14362,4525,5461,1506,1581,9531,10976
7,2009,14,12092377,5684499,6407878,4881640,5397915,498004,651888,40541,44225,211966,252711,6332,6833,46016,54306,5274930,5909246,4504905,4939617,483087,632907,32020,35024,208998,249012,5500,5823,40420,46863,409569,498632,376735,458298,14917,18981,8521,9201,2968,3699,832,1010,5596,7443
7,2009,15,9140722,4173443,4967279,3603137,4206498,352806,496233,26488,31485,155645,189910,4172,4934,31195,38219,3877510,4584378,3329516,3853232,342272,481849,21042,24875,153654,187271,3583,4138,27443,33013,295933,382901,273621,353266,10534,14384,5446,6610,1991,2639,589,796,3752,5206
7,2009,16,7295064,3159284,4135780,2779605,3557778,236648,380289,16393,21727,103247,144149,2657,3216,20734,28621,2952706,3846523,2587058,3289554,229997,369953,12921,17017,102016,142173,2276,2754,18438,25072,206578,289257,192547,268224,6651,10336,3472,4710,1231,1976,381,462,2296,3549
7,2009,17,5727711,2272851,3454860,2038539,3039628,145660,277952,9589,14210,64466,100109,1426,2131,13171,20830,2140287,3250876,1914424,2849884,141767,270841,7441,11133,63731,98825,1225,1802,11699,18391,132564,203984,124115,189744,3893,7111,2148,3077,735,1284,201,329,1472,2439
7,2009,18,3561170,1244381,2316789,1124318,2070891,73627,168895,4362,7868,34632,55416,612,1190,6830,12529,1179418,2205181,1063498,1966939,71716,165026,3380,6253,34248,54735,491,1027,6085,11201,64963,111608,60820,103952,1911,3869,982,1615,384,681,121,163,745,1328
7,2009,19,1397519,404624,992895,366243,892408,23337,71261,1365,2924,11381,20984,226,415,2072,4903,385590,951915,348555,854222,22702,69763,1031,2407,11264,20763,189,355,1849,4405,19034,40980,17688,38186,635,1498,334,517,117,221,37,60,223,498
7,2009,20,357910,78004,279906,68235,247980,6106,23900,331,887,2783,5633,58,141,491,1365,73414,267553,64014,236578,5951,23391,242,716,2749,5559,50,117,408,1192,4590,12353,4221,11402,155,509,89,171,34,74,8,24,83,173
7,2009,21,50702,8338,42364,6518,35569,1202,5405,94,175,362,905,22,32,140,278,7496,40290,5816,33707,1153,5313,70,135,352,896,17,24,88,215,842,2074,702,1862,49,92,24,40,10,9,5,8,52,63
4,2010,0,308745538,151781326,156964212,119698920,122238141,19205040,21045595,1889695,1849811,7218477,7941039,342904,331721,3426290,3557905,126162526,132105418,97017621,100301335,18068911,19853611,1115756,1147502,6969823,7691693,250698,246518,2739717,2864759,25618800,24858794,22681299,21936806,1136129,1191984,773939,702309,248654,249346,92206,85203,686573,693146
4,2010,1,20201362,10319427,9881935,7521423,7169084,1548953,1506311,167969,162170,482729,464814,29961,29129,568392,550427,7710080,7376794,5284563,5022455,1409024,1371293,88950,87021,453183,436985,19862,19215,454498,439825,2609347,2505141,2236860,2146629,139929,135018,79019,75149,29546,27829,10099,9914,113894,110602
4,2010,2,20348657,10389638,9959019,7705715,7338075,1529212,1483489,162839,157925,485353,486737,28539,27196,477980,465597,7946995,7610891,5584073,5301203,1408025,1366067,89825,86615,459460,462116,19778,18684,385834,376206,2442643,2348128,2121642,2036872,121187,117422,73014,71310,25893,24621,8761,8512,92146,89391
4,2010,3,20677194,10579862,10097332,7901832,7497140,1603746,1550700,161871,156012,464836,457651,27910,26187,419667,409642,8267518,7884434,5882064,5567323,1491201,1442038,92771,89431,441164,434569,19749,18455,340569,332618,2312344,2212898,2019768,1929817,112545,108662,69100,66581,23672,23082,8161,7732,79098,77024
4,2010,4,22040343,11303666,10736677,8408391,7937864,1816259,1756659,175499,164230,512485,486242,30803,29132,360229,362550,8957593,8550595,6354719,6031804,1699866,1644738,102464,97325,488446,462710,21801,20807,290297,293211,2346073,2186082,2053672,1906060,116393,111921,73035,66905,24039,23532,9002,8325,69932,69339
4,2010,5,21585999,11014176,10571823,8350986,7894693,1604113,1635676,168049,150658,580878,568309,35012,31349,275138,291138,8711879,8551845,6329497,6137211,1493950,1525023,92249,89536,557102,545217,24582,23043,214499,231815,2302297,2019978,2021489,1757482,110163,110653,75800,61122,23776,23092,10430,8306,60639,59323
4,2010,6,21101849,10635591,10466258,8202631,7857872,1400211,1511200,156638,143232,608926,669727,33300,30233,233885,253994,8359457,8431921,6191526,6076369,1299698,1405690,81671,81805,586156,648309,23246,22090,177160,197658,2276134,2034337,2011105,1781503,100513,105510,74967,61427,22770,21418,10054,8143,56725,56336
4,2010,7,19962099,9996500,9965599,7722466,7461564,1300313,1442786,142673,132551,601578,682350,29130,27176,200340,219172,7853450,7984166,5818437,5715135,1210569,1344412,74074,74627,580524,661829,20498,19735,149348,168428,2143050,1981433,1904029,1746429,89744,98374,68599,57924,21054,20521,8632,7441,50992,50744
4,2010,8,20179642,10042022,10137620,7813703,7659196,1271729,1434691,133695,127541,628225,705281,25112,23952,169558,186959,8071270,8252032,6041846,5975676,1198361,1351078,71916,73930,610013,686936,18291,17743,130843,146669,1970752,1885588,1771857,1683520,73368,83613,61779,53611,18212,18345,6821,6209,38715,40290
4,2010,9,20890964,10393977,10496987,8234026,8107290,1301039,1450544,127701,123223,558166,629688,22972,22330,150073,163912,8630324,8818240,6645458,6604224,1234570,1377043,73607,76692,542480,613604,17091,16907,117118,129770,1763653,1678747,1588568,1503066,66469,73501,54094,46531,15686,16084,5881,5423,32955,34142
4,2010,10,22708591,11209085,11499506,9030996,9071931,1367345,1533878,126937,127665,517871,586815,21529,21755,144407,157462,9684116,10002401,7656331,7730287,1308933,1468338,81141,86292,504636,572949,16849,17115,116226,127420,1524969,1497105,1374665,1341644,58412,65540,45796,41373,13235,13866,4680,4640,28181,30042
4,2010,11,22298125,10933274,11364851,8921642,9086671,1290098,1463073,111339,116265,463406,540975,18392,18453,128397,139414,9722327,10134344,7830406,7982219,1242326,1409410,75565,82989,453011,529740,14852,14954,106167,115032,1210947,1230507,1091236,1104452,47772,53663,35774,33276,10395,11235,3540,3499,22230,24382
4,2010,12,19664805,9523648,10141157,7905694,8237780,1030244,1215926,85902,91203,389362,473660,13594,14337,98852,108251,8634500,9188873,7100039,7376139,995521,1176456,61812,68033,382017,465276,11341,11934,83770,91035,889148,952284,805655,861641,34723,39470,24090,23170,7345,8384,2253,2403,15082,17216
4,2010,13,16817924,8077500,8740424,6841051,7247819,771632,943572,65082,68604,315688,387384,10588,10890,73459,82155,7431939,8013600,6252816,6585950,747245,914170,49097,52813,310740,381351,8964,9239,63077,70077,645561,726824,588235,661869,24387,29402,15985,15791,4948,6033,1624,1651,10382,12078
4,2010,14,12435263,5852547,6582716,5023639,5540089,512310,668427,42317,46368,219379,263910,6594,7142,48308,56780,5423645,6063042,4629950,5063479,496772,648553,32936,36177,216164,259949,5715,6061,42108,48823,428902,519674,393689,476610,15538,19874,9381,10191,3215,3961,879,1081,6200,7957
4,2010,15,9278166,4243972,5034194,3656614,4253820,359671,505296,27696,32582,163134,197531,4296,5094,32561,39871,3938210,4639814,3374616,3890710,348684,490377,21783,25561,161001,194695,3668,4264,28458,34207,305762,394380,281998,363110,10987,14919,5913,7021,2133,2836,628,830,4103,5664
4,2010,16,7317795,3182388,4135407,2792505,3548247,241147,384108,16970,22525,107559,147757,2743,3352,21464,29418,2969048,3837939,2594032,3272946,234235,373364,13270,17476,106209,145710,2363,2857,18939,25586,213340,297468,198473,275301,6912,10744,3700,5049,1350,2047,380,495,2525,3832
4,2010,17,5743327,2294374,3448953,2053646,3024865,148567,281459,10001,14675,67047,104346,1491,2190,13622,21418,2155328,3236511,1923684,2827468,144373,274042,7700,11384,66269,102971,1277,1848,12025,18798,139046,212442,129962,197397,4194,7417,2301,3291,778,1375,214,342,1597,2620
4,2010,18,3620459,1273867,2346592,1149704,2094073,75669,171962,4616,8182,36139,58267,630,1230,7109,12878,1205456,2229575,1085724,1985164,73664,167930,3514,6408,35708,57514,514,1062,6332,11497,68411,117017,63980,108909,2005,4032,1102,1774,431,753,116,168,777,1381
4,2010,19,1448366,424387,1023979,382672,917186,25456,75501,1441,3106,12390,22622,227,418,2201,5146,403691,980146,363423,876410,24788,73881,1079,2513,12266,22377,191,357,1944,4608,20696,43833,19249,40776,668,1620,362,593,124,245,36,61,257,538
4,2010,20,371244,82263,288981,72246,255557,6164,24925,349,921,2940,6014,60,145,504,1419,77445,276235,67835,243790,5998,24405,250,738,2898,5936,50,125,414,1241,4818,12746,4411,11767,166,520,99,183,42,78,10,20,90,178
4,2010,21,53364,9162,44202,7338,37325,1162,5412,111,173,386,959,21,31,144,302,8255,42020,6582,35373,1108,5303,82,136,376,950,16,23,91,235,907,2182,756,1952,54,109,29,37,10,9,5,8,53,67
7,2010,0,309349689,152107993,157241696,119900452,122394968,19261272,21096244,1897163,1856695,7256825,7982186,344486,333167,3447795,3578436,126313918,132225558,97062393,100317791,18116542,19896288,1119358,1151013,7006807,7731607,251820,247576,2756998,2881283,25794075,25016138,22838059,22077177,1144730,1199956,777805,705682,250018,250579,92666,85591,690797,697153
7,2010,1,20200529,10317894,9882635,7508859,7160279,1555186,1511201,169189,163071,483937,466350,29969,29177,570754,552557,7699861,7369084,5264464,5006105,1415419,1376524,89225,87071,454394,438526,19905,19289,456454,441569,2618033,2513551,2244395,2154174,139767,134677,79964,76000,29543,27824,10064,9888,114300,110988
7,2010,2,20382409,10407059,9975350,7715309,7346042,1531315,1486006,163518,158784,487895,489144,28652,27263,480370,468111,7942101,7605874,5576237,5292649,1406693,1365157,90151,87069,461712,464306,19832,18729,387476,377964,2464958,2369476,2139072,2053393,124622,120849,73367,71715,26183,24838,8820,8534,92894,90147
7,2010,3,20694011,10587389,10106622,7904092,7501259,1601398,1548901,162261,156360,468683,461001,28038,26301,422917,412800,8258770,7878567,5869738,5557908,1488491,1439864,92732,89422,444876,437750,19832,18503,343101,335120,2328619,2228055,2034354,1943351,112907,109037,69529,66938,23807,23251,8206,7798,79816,77680
7,2010,4,21959087,11262770,10696317,8375378,7905620,1807008,1746686,174584,163216,513032,487760,30794,29075,361974,363960,8909040,8503682,6314543,5993440,1690400,1634515,101603,96385,488947,464124,21756,20750,291791,294468,2353730,2192635,2060835,1912180,116608,112171,72981,66831,24085,23636,9038,8325,70183,69492
7,2010,5,21667938,11056339,10611599,8377306,7919112,1615232,1646900,168505,151238,582414,569448,35111,31488,277771,293413,8735664,8575912,6339224,6147560,1504144,1535412,92488,89911,558449,546227,24653,23110,216706,233692,2320675,2035687,2038082,1771552,111088,111488,76017,61327,23965,23221,10458,8378,61065,59721
7,2010,6,21153247,10675799,10477448,8233880,7867451,1407416,1512855,156986,143961,608528,667626,33165,30179,235824,255376,8395774,8440518,6219010,6083760,1306877,1407322,82049,82324,585750,646217,23150,22022,178938,198873,2280025,2036930,2014870,1783691,100539,105533,74937,61637,22778,21409,10015,8157,56886,56503
7,2010,7,20093828,10063421,10030407,7771733,7511082,1313994,1453457,144003,133442,601616,683445,29385,27378,202690,221603,7908717,8040861,5857628,5757544,1223516,1354907,75091,75225,580451,662846,20699,19894,151332,170445,2154704,1989546,1914105,1753538,90478,98550,68912,58217,21165,20599,8686,7484,51358,51158
7,2010,8,20082244,9996641,10085603,7768559,7609889,1269791,1429942,133839,127334,629343,707230,25255,23970,169854,187238,8016598,8192624,5988239,5919269,1196163,1346174,71830,73698,611090,688849,18374,17762,130902,146872,1980043,1892979,1780320,1690620,73628,83768,62009,53636,18253,18381,6881,6208,38952,40366
7,2010,9,20899181,10399409,10499772,8234817,8105151,1299364,1449068,127724,123322,563598,635226,23070,22456,150836,164549,8622540,8811011,6633921,6592869,1232509,1375109,73402,76686,547749,619060,17161,17011,117798,130276,1776869,1688761,1600896,1512282,66855,73959,54322,46636,15849,16166,5909,5445,33038,34273
7,2010,10,22647920,11182579,11465341,9001788,9036658,1366612,1532915,127057,127344,520930,589130,21607,21767,144585,157527,9646476,9959304,7617103,7686823,1307717,1466944,80996,85881,507649,575217,16839,17097,116172,127342,1536103,1506037,1384685,1349835,58895,65971,46061,41463,13281,13913,4768,4670,28413,30185
7,2010,11,22365329,10966236,11399093,8942983,9108770,1296769,1470281,111976,117033,466929,544266,18640,18653,128939,140090,9739931,10154314,7837371,7991145,1248490,1416112,75975,83481,456456,532931,15060,15115,106579,115530,1226305,1244779,1105612,1117625,48279,54169,36001,33552,10473,11335,3580,3538,22360,24560
7,2010,12,19779195,9580184,10199011,7951237,8283423,1036780,1223716,86520,91861,392360,476437,13651,14479,99636,109095,8680355,9236927,7135742,7412791,1001661,1183798,62190,68534,384961,468016,11387,12049,84414,91739,899829,962084,815495,870632,35119,39918,24330,23327,7399,8421,2264,2430,15222,17356
7,2010,13,16987190,8158625,8828565,6904641,7314655,782332,956347,66070,69568,320493,393756,10798,11057,74291,83182,7502473,8090575,6306715,6642663,757509,926375,49851,53580,315458,387608,9129,9372,63811,70977,656152,737990,597926,671992,24823,29972,16219,15988,5035,6148,1669,1685,10480,12205
7,2010,14,12515334,5892007,6623327,5056989,5571923,514944,672325,42682,46933,221986,267466,6667,7257,48739,57423,5456863,6097804,4657556,5090045,499186,652199,33189,36598,218714,263444,5785,6166,42433,49352,435144,525523,399433,481878,15758,20126,9493,10335,3272,4022,882,1091,6306,8071
7,2010,15,9326038,4268737,5057301,3676267,4272272,361553,507300,28145,32911,165334,199420,4416,5165,33022,40233,3959336,4659487,3390979,3905980,350404,492270,22155,25872,163168,196556,3764,4317,28866,34492,309401,397814,285288,366292,11149,15030,5990,7039,2166,2864,652,848,4156,5741
7,2010,16,7313372,3183507,4129865,2790976,3539762,242229,385474,17207,22830,108744,148811,2753,3375,21598,29613,2968371,3830152,2590798,3262384,235258,374630,13482,17742,107391,146749,2368,2882,19074,25765,215136,299713,200178,277378,6971,10844,3725,5088,1353,2062,385,493,2524,3848
7,2010,17,5750081,2302229,3447852,2059161,3021441,149693,282108,10224,14851,67838,105648,1544,2257,13769,21547,2161074,3232999,1927276,2821758,145402,274636,7875,11516,67041,104270,1324,1903,12156,18916,141155,214853,131885,199683,4291,7472,2349,3335,797,1378,220,354,1613,2631
7,2010,18,3641594,1284311,2357283,1158144,2101140,76646,174164,4702,8296,36923,59348,638,1251,7258,13084,1214402,2238007,1092740,1990115,74619,170078,3598,6499,36484,58576,525,1075,6436,11664,69909,119276,65404,111025,2027,4086,1104,1797,439,772,113,176,822,1420
7,2010,19,1463685,430346,1033339,387952,925028,25615,76049,1524,3208,12732,23376,250,437,2273,5241,408965,988207,368072,883042,24914,74355,1154,2612,12606,23125,210,376,2009,4697,21381,45132,19880,41986,701,1694,370,596,126,251,40,61,264,544
7,2010,20,375778,83963,291815,73667,257832,6275,25139,336,944,3081,6263,60,149,544,1488,79002,278806,69113,245840,6105,24603,238,759,3042,6185,50,128,454,1291,4961,13009,4554,11992,170,536,98,185,39,78,10,21,90,197
7,2010,21,51699,8548,43151,6714,36179,1120,5410,111,188,429,1035,23,33,151,306,7605,40843,5924,34101,1065,5304,84,148,419,1025,17,26,96,239,943,2308,790,2078,55,106,27,40,10,10,6,7,55,67
